{"assets/animation/animation_fall.json":["assets/animation/animation_fall.json"],"assets/animation/animation_halloween.json":["assets/animation/animation_halloween.json"],"assets/animation/animation_halloween_cat.json":["assets/animation/animation_halloween_cat.json"],"assets/animation/animation_hb_2.json":["assets/animation/animation_hb_2.json"],"assets/animation/animation_loading_fly.json":["assets/animation/animation_loading_fly.json"],"assets/animation/animation_sakura.json":["assets/animation/animation_sakura.json"],"assets/animation/animation_wallpaper_abstract.json":["assets/animation/animation_wallpaper_abstract.json"],"assets/animation/animation_wallpaper_cristmas.json":["assets/animation/animation_wallpaper_cristmas.json"],"assets/animation/animation_wallpaper_line.json":["assets/animation/animation_wallpaper_line.json"],"assets/icons/adjust.svg":["assets/icons/adjust.svg"],"assets/icons/adress.svg":["assets/icons/adress.svg"],"assets/icons/car-parking.svg":["assets/icons/car-parking.svg"],"assets/icons/date.svg":["assets/icons/date.svg"],"assets/icons/document.svg":["assets/icons/document.svg"],"assets/icons/dolar.svg":["assets/icons/dolar.svg"],"assets/icons/edit.svg":["assets/icons/edit.svg"],"assets/icons/frame.svg":["assets/icons/frame.svg"],"assets/icons/gear.svg":["assets/icons/gear.svg"],"assets/icons/kilometro.svg":["assets/icons/kilometro.svg"],"assets/icons/list.svg":["assets/icons/list.svg"],"assets/icons/location.svg":["assets/icons/location.svg"],"assets/icons/lock.svg":["assets/icons/lock.svg"],"assets/icons/logout.svg":["assets/icons/logout.svg"],"assets/icons/overflow.svg":["assets/icons/overflow.svg"],"assets/icons/plus.svg":["assets/icons/plus.svg"],"assets/icons/price.svg":["assets/icons/price.svg"],"assets/icons/product.svg":["assets/icons/product.svg"],"assets/icons/razon.svg":["assets/icons/razon.svg"],"assets/icons/send.svg":["assets/icons/send.svg"],"assets/icons/service.svg":["assets/icons/service.svg"],"assets/icons/spider.svg":["assets/icons/spider.svg"],"assets/icons/tick.svg":["assets/icons/tick.svg"],"assets/icons/travel.svg":["assets/icons/travel.svg"],"assets/icons/truck.svg":["assets/icons/truck.svg"],"assets/icons/user.svg":["assets/icons/user.svg"],"assets/login_wallpaper.jpg":["assets/login_wallpaper.jpg"],"assets/logo.jpg":["assets/logo.jpg"],"assets/menu_wallpaper.png":["assets/menu_wallpaper.png"],"assets/user.png":["assets/user.png"],"assets/wallpapers/11.jpg":["assets/wallpapers/11.jpg"],"packages/awesome_dialog/assets/flare/error.flr":["packages/awesome_dialog/assets/flare/error.flr"],"packages/awesome_dialog/assets/flare/info.flr":["packages/awesome_dialog/assets/flare/info.flr"],"packages/awesome_dialog/assets/flare/info2.flr":["packages/awesome_dialog/assets/flare/info2.flr"],"packages/awesome_dialog/assets/flare/info_without_loop.flr":["packages/awesome_dialog/assets/flare/info_without_loop.flr"],"packages/awesome_dialog/assets/flare/question.flr":["packages/awesome_dialog/assets/flare/question.flr"],"packages/awesome_dialog/assets/flare/succes.flr":["packages/awesome_dialog/assets/flare/succes.flr"],"packages/awesome_dialog/assets/flare/succes_without_loop.flr":["packages/awesome_dialog/assets/flare/succes_without_loop.flr"],"packages/awesome_dialog/assets/flare/warning.flr":["packages/awesome_dialog/assets/flare/warning.flr"],"packages/awesome_dialog/assets/flare/warning_without_loop.flr":["packages/awesome_dialog/assets/flare/warning_without_loop.flr"],"packages/cupertino_icons/assets/CupertinoIcons.ttf":["packages/cupertino_icons/assets/CupertinoIcons.ttf"],"packages/esc_pos_utils/resources/capabilities.json":["packages/esc_pos_utils/resources/capabilities.json"],"packages/fluttertoast/assets/toastify.css":["packages/fluttertoast/assets/toastify.css"],"packages/fluttertoast/assets/toastify.js":["packages/fluttertoast/assets/toastify.js"],"packages/line_icons/lib/assets/fonts/LineIcons.ttf":["packages/line_icons/lib/assets/fonts/LineIcons.ttf"]}