{"v":"5.9.6","fr":29.9700012207031,"ip":0,"op":81.0000032991976,"w":1639,"h":1080,"nm":"pumpkin pair","ddd":0,"assets":[{"id":"comp_0","nm":"pumpkin","fr":29.9700012207031,"layers":[{"ddd":0,"ind":1,"ty":4,"nm":"Shape Layer 2","parent":2,"sr":1,"ks":{"o":{"a":0,"k":100,"ix":11},"r":{"a":0,"k":0,"ix":10},"p":{"a":0,"k":[213.845,395.934,0],"ix":2,"l":2},"a":{"a":0,"k":[213.802,393.362,0],"ix":1,"l":2},"s":{"a":0,"k":[100,100,100],"ix":6,"l":2}},"ao":0,"shapes":[{"ty":"gr","it":[{"ind":0,"ty":"sh","ix":1,"ks":{"a":0,"k":{"i":[[23.755,-7.384],[0.883,-2.35],[9.592,-7.603],[2.138,2.212],[0.161,1.528],[0.798,7.553],[-0.01,1.295],[16.089,-1.676],[18.009,1.586],[0.779,-7.258],[1.075,-1.097],[2.442,1.908],[4.247,10.768],[0,0],[-74.588,17.212],[0,0]],"o":[[-0.517,3.118],[-4.253,11.314],[-2.407,1.908],[-1.06,-1.097],[-0.798,-7.553],[-0.135,-1.283],[-16.657,4.167],[-17.062,1.777],[-0.779,7.26],[-0.163,1.528],[-2.17,2.212],[-9.272,-7.243],[-25.616,-3.878],[0,0],[74.588,-17.213],[0,0]],"v":[[87.228,-59.495],[83.759,-50.168],[64.244,-19.975],[55.999,-18.723],[54.56,-22.999],[52.166,-45.657],[51.921,-49.547],[1.721,-40.163],[-52.282,-40.509],[-54.618,-18.732],[-56.077,-14.456],[-64.444,-15.708],[-83.605,-44.299],[-127.949,-52.786],[12.047,56.23],[127.949,-73.442]],"c":true},"ix":2},"nm":"Path 1","mn":"ADBE Vector Shape - Group","hd":false},{"ty":"fl","c":{"a":0,"k":[0.337254901961,0.098039223166,0.035294117647,1],"ix":4},"o":{"a":0,"k":100,"ix":5},"r":1,"bm":0,"nm":"Fill 1","mn":"ADBE Vector Graphic - Fill","hd":false},{"ty":"tr","p":{"a":1,"k":[{"i":{"x":0.667,"y":0.054},"o":{"x":0.333,"y":0},"t":0,"s":[216.924,486.942],"to":[0,1.915],"ti":[0,5.214]},{"i":{"x":0.667,"y":1},"o":{"x":0.295,"y":1},"t":10,"s":[216.924,498.43],"to":[0,-6.717],"ti":[0,2.533]},{"t":20.0000008146167,"s":[216.924,486.942]}],"ix":2},"a":{"a":0,"k":[0,0],"ix":1},"s":{"a":0,"k":[100,100],"ix":3},"r":{"a":0,"k":0,"ix":6},"o":{"a":0,"k":100,"ix":7},"sk":{"a":0,"k":0,"ix":4},"sa":{"a":0,"k":0,"ix":5},"nm":"Transform"}],"nm":"Group 1","np":2,"cix":2,"bm":0,"ix":1,"mn":"ADBE Vector Group","hd":false},{"ty":"gr","it":[{"ind":0,"ty":"sh","ix":1,"ks":{"a":0,"k":{"i":[[0,30.473],[19.983,4.996],[-10.491,-9.492]],"o":[[0,-1.499],[-19.982,-4.996],[10.491,9.492]],"v":[[53.953,51.205],[26.976,-76.683],[-43.462,43.212]],"c":true},"ix":2},"nm":"Path 1","mn":"ADBE Vector Shape - Group","hd":false},{"ty":"fl","c":{"a":0,"k":[0.337254901961,0.098039223166,0.035294117647,1],"ix":4},"o":{"a":0,"k":100,"ix":5},"r":1,"bm":0,"nm":"Fill 1","mn":"ADBE Vector Graphic - Fill","hd":false},{"ty":"tr","p":{"a":0,"k":[136.397,384.592],"ix":2},"a":{"a":0,"k":[9,59.5],"ix":1},"s":{"a":1,"k":[{"i":{"x":[0.667,0.667],"y":[1,1]},"o":{"x":[0.333,0.333],"y":[0,0]},"t":0,"s":[100,100]},{"i":{"x":[0.667,0.667],"y":[1,1]},"o":{"x":[0.333,0.333],"y":[0,0]},"t":10,"s":[100,20]},{"t":20.0000008146167,"s":[100,100]}],"ix":3},"r":{"a":0,"k":0,"ix":6},"o":{"a":0,"k":100,"ix":7},"sk":{"a":0,"k":0,"ix":4},"sa":{"a":0,"k":0,"ix":5},"nm":"Transform"}],"nm":"Group 2","np":2,"cix":2,"bm":0,"ix":2,"mn":"ADBE Vector Group","hd":false},{"ty":"gr","it":[{"ind":0,"ty":"sh","ix":1,"ks":{"a":0,"k":{"i":[[0,30.473],[-19.983,4.995],[10.491,-9.492]],"o":[[0,-1.499],[19.982,-4.996],[-10.491,9.492]],"v":[[-53.953,51.205],[-26.976,-76.683],[43.462,43.212]],"c":true},"ix":2},"nm":"Path 1","mn":"ADBE Vector Shape - Group","hd":false},{"ty":"fl","c":{"a":0,"k":[0.337254901961,0.098039223166,0.035294117647,1],"ix":4},"o":{"a":0,"k":100,"ix":5},"r":1,"bm":0,"nm":"Fill 1","mn":"ADBE Vector Graphic - Fill","hd":false},{"ty":"tr","p":{"a":0,"k":[284.851,378.781],"ix":2},"a":{"a":0,"k":[-10.75,60],"ix":1},"s":{"a":1,"k":[{"i":{"x":[0.667,0.667],"y":[1,1]},"o":{"x":[0.333,0.333],"y":[0,0]},"t":2,"s":[100,100]},{"i":{"x":[0.667,0.667],"y":[1,1]},"o":{"x":[0.333,0.333],"y":[0,0]},"t":12,"s":[100,20]},{"t":22.0000008960784,"s":[100,100]}],"ix":3},"r":{"a":0,"k":0,"ix":6},"o":{"a":0,"k":100,"ix":7},"sk":{"a":0,"k":0,"ix":4},"sa":{"a":0,"k":0,"ix":5},"nm":"Transform"}],"nm":"Group 3","np":2,"cix":2,"bm":0,"ix":3,"mn":"ADBE Vector Group","hd":false}],"ip":0,"op":300.00001221925,"st":0,"ct":1,"bm":0},{"ddd":0,"ind":2,"ty":4,"nm":"Layer 2 Outlines","sr":1,"ks":{"o":{"a":0,"k":100,"ix":11},"r":{"a":1,"k":[{"i":{"x":[0.667],"y":[1]},"o":{"x":[0.333],"y":[0]},"t":30,"s":[0]},{"i":{"x":[0.667],"y":[1]},"o":{"x":[0.333],"y":[0]},"t":38,"s":[-4]},{"i":{"x":[0.667],"y":[1]},"o":{"x":[0.333],"y":[0]},"t":48,"s":[5]},{"i":{"x":[0.667],"y":[1]},"o":{"x":[0.333],"y":[0]},"t":61,"s":[-4]},{"t":73.000002973351,"s":[0]}],"ix":10},"p":{"a":0,"k":[1191.654,829.556,0],"ix":2,"l":2},"a":{"a":0,"k":[242.099,595.716,0],"ix":1,"l":2},"s":{"a":0,"k":[100,100,100],"ix":6,"l":2}},"ao":0,"shapes":[{"ty":"gr","it":[{"ind":0,"ty":"sh","ix":1,"ks":{"a":0,"k":{"i":[[1.64,-0.106],[0.495,-0.193],[-0.311,-3.218],[-3.133,-2.471],[-1.682,-0.685],[-0.352,3.119],[2.755,2.124]],"o":[[-0.464,0.03],[-2.576,0.994],[0.299,3.135],[1.408,1.11],[1.916,-2.696],[0.365,-3.239],[-0.998,-0.767]],"v":[[6.088,-7.645],[4.648,-7.321],[0.607,0.193],[6.005,9.01],[10.672,11.702],[14.281,3.049],[10.157,-6.208]],"c":true},"ix":2},"nm":"Path 1","mn":"ADBE Vector Shape - Group","hd":false},{"ind":1,"ty":"sh","ix":2,"ks":{"a":0,"k":{"i":[[9.26,-0.599],[3.077,0.486],[-0.257,1.625],[-1.64,-0.256],[-6.77,3.854],[-7.7,7.332],[-1.193,1.25],[1.358,1.073],[0.456,4.743],[-5.102,1.972],[-3.471,-2.683],[0.602,-5.339],[1.76,-2.883],[-4.961,3.444],[-0.299,10.823],[4.409,6.866],[-1.385,0.888],[-0.892,-1.389],[0.299,-10.829],[9.388,-6.514],[8.03,1.824],[1.974,-1.883],[9.295,-5.29]],"o":[[-2.91,0.188],[-1.623,-0.257],[0.256,-1.623],[11.178,1.769],[8.714,-4.954],[1.296,-1.232],[-1.542,-0.766],[-4.399,-3.47],[-0.568,-5.934],[3.711,-1.441],[4.433,3.415],[-0.39,3.48],[5.739,0.617],[7.862,-5.456],[0.338,-12.164],[-0.888,-1.382],[1.383,-0.886],[6.967,10.854],[-0.351,12.684],[-7.221,5.012],[-1.794,2.048],[-7.981,7.594],[-5.785,3.289]],"v":[[-41.421,52.023],[-50.419,51.626],[-52.896,48.218],[-49.489,45.741],[-21.127,39.434],[2.919,20.159],[6.678,16.443],[2.313,13.685],[-5.326,0.764],[2.498,-12.879],[13.797,-10.924],[20.201,3.715],[16.799,13.209],[33.667,8.951],[46.896,-17.442],[37.644,-47.209],[38.544,-51.325],[42.661,-50.425],[52.854,-17.28],[37.062,13.845],[12.766,18.607],[7.029,24.476],[-18.179,44.613]],"c":true},"ix":2},"nm":"Path 2","mn":"ADBE Vector Shape - Group","hd":false},{"ty":"fl","c":{"a":0,"k":[0.207843152214,0.309803921569,0,1],"ix":4},"o":{"a":0,"k":100,"ix":5},"r":1,"bm":0,"nm":"Fill 1","mn":"ADBE Vector Graphic - Fill","hd":false},{"ty":"tr","p":{"a":0,"k":[285.807,79.625],"ix":2},"a":{"a":0,"k":[0,0],"ix":1},"s":{"a":0,"k":[100,100],"ix":3},"r":{"a":0,"k":0,"ix":6},"o":{"a":0,"k":100,"ix":7},"sk":{"a":0,"k":0,"ix":4},"sa":{"a":0,"k":0,"ix":5},"nm":"Transform"}],"nm":"Group 4","np":3,"cix":2,"bm":0,"ix":1,"mn":"ADBE Vector Group","hd":false},{"ty":"gr","it":[{"ind":0,"ty":"sh","ix":1,"ks":{"a":0,"k":{"i":[[3.516,-0.227],[1.179,0.195],[1.736,3.4],[-1.464,0.748],[-0.747,-1.465],[-1.338,-0.222],[-1.846,1.79],[2.151,4.723],[6.511,4.07],[2.362,1.305],[3.391,2.407],[1.664,6.396],[-3.948,3.503],[-2.921,0.673],[-6.529,-4.21],[-3.702,-3.049],[-3.072,-2.163],[-23.31,11.26],[-0.714,-1.481],[1.481,-0.717],[23.247,16.361],[2.987,2.457],[3.879,2.502],[8.324,-1.923],[1.053,-0.934],[-0.784,-3.016],[-4.113,-2.912],[-3.519,-1.945],[-2.425,-1.517],[-2.637,-5.797],[5.413,-5.265]],"o":[[-1.173,0.076],[-4.166,-0.686],[-0.748,-1.465],[1.468,-0.75],[1.189,2.325],[2.843,0.469],[4.065,-3.947],[-2.14,-4.698],[-2.288,-1.433],[-3.51,-1.939],[-7.058,-4.998],[-1.589,-6.121],[1.803,-1.598],[10.373,-2.385],[4.171,2.689],[2.901,2.389],[21.182,14.905],[1.478,-0.717],[0.714,1.481],[-25.599,12.349],[-3.259,-2.293],[-3.735,-3.076],[-5.561,-3.59],[-1.939,0.446],[-2.779,2.462],[1.646,6.339],[3.119,2.215],[2.431,1.344],[7.535,4.71],[3.574,7.844],[-2.403,2.334]],"v":[[-31.203,43.106],[-34.746,42.931],[-44.033,36.501],[-42.736,32.491],[-38.728,33.79],[-33.775,37.055],[-26.077,34.871],[-24.216,19.35],[-37.07,6.317],[-44.16,2.233],[-54.689,-4.116],[-68.018,-21.533],[-64.134,-37.371],[-57.014,-40.798],[-30.152,-34.46],[-18.449,-25.567],[-9.478,-18.548],[64.915,-12.454],[68.894,-11.066],[67.507,-7.087],[-12.905,-13.674],[-22.236,-20.967],[-33.382,-29.454],[-55.676,-34.989],[-60.184,-32.91],[-62.251,-23.032],[-51.242,-8.978],[-41.278,-2.981],[-33.91,1.267],[-18.796,16.882],[-21.923,39.145]],"c":true},"ix":2},"nm":"Path 1","mn":"ADBE Vector Shape - Group","hd":false},{"ty":"fl","c":{"a":0,"k":[0.207843152214,0.309803921569,0,1],"ix":4},"o":{"a":0,"k":100,"ix":5},"r":1,"bm":0,"nm":"Fill 1","mn":"ADBE Vector Graphic - Fill","hd":false},{"ty":"tr","p":{"a":0,"k":[173.997,127.894],"ix":2},"a":{"a":0,"k":[0,0],"ix":1},"s":{"a":0,"k":[100,100],"ix":3},"r":{"a":0,"k":0,"ix":6},"o":{"a":0,"k":100,"ix":7},"sk":{"a":0,"k":0,"ix":4},"sa":{"a":0,"k":0,"ix":5},"nm":"Transform"}],"nm":"Group 5","np":2,"cix":2,"bm":0,"ix":2,"mn":"ADBE Vector Group","hd":false},{"ty":"gr","it":[{"ind":0,"ty":"sh","ix":1,"ks":{"a":0,"k":{"i":[[5.405,8.874],[1.483,7.6],[-14.316,12.489],[-10.81,-1.494],[-2.246,-6.834],[1.189,-7.166],[-0.787,-3.481],[-3.992,-1.007],[-0.58,3.567],[-0.754,1.548],[-2.366,-0.97],[-0.611,-2.184],[9.629,-2.971],[6.619,6.163],[3.911,-0.378],[0.296,-2.776],[-1.388,-2.455],[-11.577,-8.439],[-2.601,-3.315],[2.106,-3.753],[3.82,-1.583],[9.073,12.074],[1.833,6.659]],"o":[[-4.12,-6.764],[-3.239,-16.6],[7.892,-6.885],[8.308,1.147],[2.246,6.835],[-0.592,3.566],[0.787,3.479],[3.992,1.006],[0.266,-1.64],[1.042,-2.137],[2.365,0.97],[2.297,8.215],[-9.63,2.97],[-2.569,-2.392],[-3.273,0.316],[-0.296,2.775],[6.631,11.726],[3.557,2.592],[2.602,3.316],[-1.826,3.252],[-12.982,5.382],[-4.402,-5.859],[-2.701,-9.813]],"v":[[-38.379,9.716],[-48.925,-11.241],[-23.997,-56.412],[4.855,-68.889],[21.471,-54.683],[21.632,-33.288],[21.168,-22.598],[28.495,-14.76],[38.305,-19.556],[38.658,-24.46],[45.552,-26.363],[49.867,-21.044],[35.534,-0.546],[8.239,-6.629],[-0.973,-11.759],[-6.943,-5.77],[-4.559,2.1],[23.111,32.745],[33.078,41.106],[34.785,52.631],[25.256,59.552],[-19.617,58.309],[-26.177,37.886]],"c":true},"ix":2},"nm":"Path 1","mn":"ADBE Vector Shape - Group","hd":false},{"ty":"fl","c":{"a":0,"k":[0.207843152214,0.309803921569,0,1],"ix":4},"o":{"a":0,"k":100,"ix":5},"r":1,"bm":0,"nm":"Fill 1","mn":"ADBE Vector Graphic - Fill","hd":false},{"ty":"tr","p":{"a":0,"k":[222.126,70.633],"ix":2},"a":{"a":0,"k":[0,0],"ix":1},"s":{"a":0,"k":[100,100],"ix":3},"r":{"a":0,"k":0,"ix":6},"o":{"a":0,"k":100,"ix":7},"sk":{"a":0,"k":0,"ix":4},"sa":{"a":0,"k":0,"ix":5},"nm":"Transform"}],"nm":"Group 6","np":2,"cix":2,"bm":0,"ix":3,"mn":"ADBE Vector Group","hd":false},{"ty":"gr","it":[{"ind":0,"ty":"sh","ix":1,"ks":{"a":0,"k":{"i":[[-13.327,46.992],[-11.402,22.191],[-3.828,11.818],[-0.281,12.85],[-0.247,13.321],[-1.721,10.338],[-9.111,19.037],[-20.353,19.272],[2.919,1.236],[10.918,-18.958],[5.392,-21.043],[-0.523,-22.801],[1.982,-13.656],[5.214,-11.409],[5.67,-11.33],[4.13,-11.932],[-10.288,-50.102],[-0.423,-1.868],[-3.441,-2.003]],"o":[[6.835,-24.099],[5.666,-11.026],[3.969,-12.251],[0.293,-13.321],[0.194,-10.479],[3.467,-20.827],[12.1,-25.287],[-2.303,-1.283],[-15.665,15.2],[-10.838,18.82],[-5.676,22.152],[0.316,13.745],[-1.809,12.46],[-5.269,11.529],[-5.65,11.288],[-16.716,48.297],[0.386,1.876],[3.176,2.146],[-12.118,-47.306]],"v":[[-51.056,99.037],[-22.116,30.722],[-7.159,-3.321],[-1.148,-41.013],[-1.538,-80.968],[1.353,-112.246],[20.499,-172.352],[69.781,-239.916],[61.936,-243.751],[21.767,-192.237],[-2.768,-132.262],[-9.56,-65.009],[-10.697,-23.786],[-22.02,11.932],[-39.11,45.883],[-53.869,80.698],[-64.083,231.912],[-62.833,237.521],[-52.91,243.75]],"c":true},"ix":2},"nm":"Path 1","mn":"ADBE Vector Shape - Group","hd":false},{"ty":"fl","c":{"a":0,"k":[0.937254961799,0.360784313725,0.078431372549,1],"ix":4},"o":{"a":0,"k":100,"ix":5},"r":1,"bm":0,"nm":"Fill 1","mn":"ADBE Vector Graphic - Fill","hd":false},{"ty":"tr","p":{"a":0,"k":[144.021,356.524],"ix":2},"a":{"a":0,"k":[0,0],"ix":1},"s":{"a":0,"k":[100,100],"ix":3},"r":{"a":0,"k":0,"ix":6},"o":{"a":0,"k":100,"ix":7},"sk":{"a":0,"k":0,"ix":4},"sa":{"a":0,"k":0,"ix":5},"nm":"Transform"}],"nm":"Group 7","np":2,"cix":2,"bm":0,"ix":4,"mn":"ADBE Vector Group","hd":false},{"ty":"gr","it":[{"ind":0,"ty":"sh","ix":1,"ks":{"a":0,"k":{"i":[[5.322,11.131],[6.173,41.667],[1.686,43.771],[-2.564,41.075],[-7.281,31.343],[3.387,2.061],[2.369,-28.353],[-1.321,-41.403],[-5.458,-44.09],[-17.153,-39.467],[-8.249,-14.042],[-2.977,0.446]],"o":[[-18.195,-38.057],[-6.427,-43.381],[-1.583,-41.099],[2.007,-32.129],[-1.36,-1.09],[-6.631,27.652],[-3.45,41.311],[1.415,44.373],[5.276,42.62],[6.485,14.921],[2.926,-0.376],[-6.338,-10.565]],"v":[[18.783,220.741],[-16.926,100.523],[-26.751,-30.604],[-26.499,-153.97],[-13.113,-249.508],[-20.307,-254.495],[-33.535,-170.273],[-35.46,-46.032],[-27.039,87.045],[5.322,211.017],[27.497,254.494],[36.348,253.266]],"c":true},"ix":2},"nm":"Path 1","mn":"ADBE Vector Shape - Group","hd":false},{"ty":"fl","c":{"a":0,"k":[0.937254961799,0.360784313725,0.078431372549,1],"ix":4},"o":{"a":0,"k":100,"ix":5},"r":1,"bm":0,"nm":"Fill 1","mn":"ADBE Vector Graphic - Fill","hd":false},{"ty":"tr","p":{"a":0,"k":[236.739,372.633],"ix":2},"a":{"a":0,"k":[0,0],"ix":1},"s":{"a":0,"k":[100,100],"ix":3},"r":{"a":0,"k":0,"ix":6},"o":{"a":0,"k":100,"ix":7},"sk":{"a":0,"k":0,"ix":4},"sa":{"a":0,"k":0,"ix":5},"nm":"Transform"}],"nm":"Group 8","np":2,"cix":2,"bm":0,"ix":5,"mn":"ADBE Vector Group","hd":false},{"ty":"gr","it":[{"ind":0,"ty":"sh","ix":1,"ks":{"a":0,"k":{"i":[[16.974,43.019],[10.474,21.036],[5.644,23.637],[14.348,45.569],[15.191,13.955],[6.94,3.678],[3.009,-1.43],[-5.311,-4.001],[-6.826,-18.517],[-8.796,-45.16],[-10.765,-21.246],[-8.838,-21.371],[-10.227,-45.063],[-0.987,-4.731],[-2.405,1.442]],"o":[[-8.625,-21.859],[-10.749,-21.589],[-11.021,-46.159],[-6.16,-19.563],[-5.714,-5.25],[-3.62,1.5],[6.09,2.534],[15.895,11.974],[16.126,43.743],[4.58,23.517],[10.45,20.625],[17.66,42.701],[1.07,4.714],[2.585,-1.374],[-9.612,-45.237]],"v":[[48.375,99.721],[19.715,35.338],[-8.335,-31.133],[-27.777,-171.482],[-59.208,-223.114],[-78.31,-236.674],[-88.304,-232.242],[-71.111,-222.364],[-37.648,-175.086],[-18.278,-38.359],[6.672,27.687],[35.822,90.561],[77.757,222.501],[80.819,236.674],[88.304,232.452]],"c":true},"ix":2},"nm":"Path 1","mn":"ADBE Vector Shape - Group","hd":false},{"ty":"fl","c":{"a":0,"k":[0.937254961799,0.360784313725,0.078431372549,1],"ix":4},"o":{"a":0,"k":100,"ix":5},"r":1,"bm":0,"nm":"Fill 1","mn":"ADBE Vector Graphic - Fill","hd":false},{"ty":"tr","p":{"a":0,"k":[329.789,347.521],"ix":2},"a":{"a":0,"k":[0,0],"ix":1},"s":{"a":0,"k":[100,100],"ix":3},"r":{"a":0,"k":0,"ix":6},"o":{"a":0,"k":100,"ix":7},"sk":{"a":0,"k":0,"ix":4},"sa":{"a":0,"k":0,"ix":5},"nm":"Transform"}],"nm":"Group 9","np":2,"cix":2,"bm":0,"ix":6,"mn":"ADBE Vector Group","hd":false},{"ty":"gr","it":[{"ind":0,"ty":"sh","ix":1,"ks":{"a":0,"k":{"i":[[0,0],[60.909,-65.675],[1.198,-27.016],[-39.257,-64.818],[-190.406,74.268],[0,0],[51.024,41.526]],"o":[[0,0],[-60.909,65.675],[-1.199,27.017],[39.257,64.819],[190.407,-74.267],[0,0],[-51.025,-41.526]],"v":[[-19.473,-246.24],[-134.203,-229.261],[-180.461,-26.413],[-204.84,181.107],[145.273,223.408],[148.523,-75.1],[112.931,-256.15]],"c":true},"ix":2},"nm":"Path 1","mn":"ADBE Vector Shape - Group","hd":false},{"ty":"fl","c":{"a":0,"k":[1,0.533333333333,0,1],"ix":4},"o":{"a":0,"k":100,"ix":5},"r":1,"bm":0,"nm":"Fill 1","mn":"ADBE Vector Graphic - Fill","hd":false},{"ty":"tr","p":{"a":0,"k":[244.347,370.409],"ix":2},"a":{"a":0,"k":[0,0],"ix":1},"s":{"a":0,"k":[100,100],"ix":3},"r":{"a":0,"k":0,"ix":6},"o":{"a":0,"k":100,"ix":7},"sk":{"a":0,"k":0,"ix":4},"sa":{"a":0,"k":0,"ix":5},"nm":"Transform"}],"nm":"Group 10","np":2,"cix":2,"bm":0,"ix":7,"mn":"ADBE Vector Group","hd":false}],"ip":-6.00000024438501,"op":294.000011974866,"st":-6.00000024438501,"ct":1,"bm":0},{"ddd":0,"ind":3,"ty":4,"nm":"Shape Layer 4","sr":1,"ks":{"o":{"a":0,"k":50,"ix":11},"r":{"a":0,"k":0,"ix":10},"p":{"a":0,"k":[1218.25,852.257,0],"ix":2,"l":2},"a":{"a":0,"k":[304.25,312.257,0],"ix":1,"l":2},"s":{"a":1,"k":[{"i":{"x":[0.833,0.833,0.833],"y":[0.833,0.833,0.833]},"o":{"x":[0.167,0.167,0.167],"y":[0.167,0.167,0.167]},"t":30,"s":[100,100,100]},{"i":{"x":[0.833,0.833,0.833],"y":[0.833,0.833,0.833]},"o":{"x":[0.167,0.167,0.167],"y":[0.167,0.167,0.167]},"t":38,"s":[95,100,100]},{"i":{"x":[0.833,0.833,0.833],"y":[0.833,0.833,0.833]},"o":{"x":[0.167,0.167,0.167],"y":[0.167,0.167,0.167]},"t":48,"s":[110,100,100]},{"i":{"x":[0.833,0.833,0.833],"y":[0.833,0.833,0.833]},"o":{"x":[0.167,0.167,0.167],"y":[0.167,0.167,0.167]},"t":61,"s":[104,100,100]},{"t":75.0000030548126,"s":[100,100,100]}],"ix":6,"l":2}},"ao":0,"shapes":[{"ty":"gr","it":[{"d":1,"ty":"el","s":{"a":0,"k":[418.122,78.287],"ix":2},"p":{"a":0,"k":[0,0],"ix":3},"nm":"Ellipse Path 1","mn":"ADBE Vector Shape - Ellipse","hd":false},{"ty":"fl","c":{"a":0,"k":[0,0,0,1],"ix":4},"o":{"a":0,"k":100,"ix":5},"r":1,"bm":0,"nm":"Fill 1","mn":"ADBE Vector Graphic - Fill","hd":false},{"ty":"tr","p":{"a":0,"k":[304.25,312.257],"ix":2},"a":{"a":0,"k":[0,0],"ix":1},"s":{"a":0,"k":[100,100],"ix":3},"r":{"a":0,"k":0,"ix":6},"o":{"a":0,"k":100,"ix":7},"sk":{"a":0,"k":0,"ix":4},"sa":{"a":0,"k":0,"ix":5},"nm":"Transform"}],"nm":"Ellipse 1","np":3,"cix":2,"bm":0,"ix":1,"mn":"ADBE Vector Group","hd":false}],"ip":0,"op":300.00001221925,"st":0,"ct":1,"bm":0},{"ddd":0,"ind":4,"ty":4,"nm":"smile","parent":8,"sr":1,"ks":{"o":{"a":0,"k":100,"ix":11},"r":{"a":0,"k":0,"ix":10},"p":{"a":1,"k":[{"i":{"x":0.667,"y":1},"o":{"x":0.333,"y":0},"t":24,"s":[340.563,453.725,0],"to":[0,8.5,0],"ti":[0,2.333,0]},{"i":{"x":0.667,"y":1},"o":{"x":0.333,"y":0},"t":38,"s":[340.563,504.725,0],"to":[0,-2.333,0],"ti":[0,0,0]},{"i":{"x":0.667,"y":1},"o":{"x":0.333,"y":0},"t":48,"s":[340.563,439.725,0],"to":[0,0,0],"ti":[0,-2.333,0]},{"i":{"x":0.667,"y":1},"o":{"x":0.333,"y":0},"t":61,"s":[340.563,504.725,0],"to":[0,2.333,0],"ti":[0,8.5,0]},{"t":73.000002973351,"s":[340.563,453.725,0]}],"ix":2,"l":2},"a":{"a":0,"k":[44.898,220.305,0],"ix":1,"l":2},"s":{"a":1,"k":[{"i":{"x":[0.667,0.667,0.667],"y":[1,1,1]},"o":{"x":[0.333,0.333,0.333],"y":[0,0,0]},"t":24,"s":[100,100,100]},{"i":{"x":[0.667,0.667,0.667],"y":[1,1,1]},"o":{"x":[0.333,0.333,0.333],"y":[0,0,0]},"t":38,"s":[89,89,100]},{"i":{"x":[0.667,0.667,0.667],"y":[1,1,1]},"o":{"x":[0.333,0.333,0.333],"y":[0,0,0]},"t":48,"s":[100,100,100]},{"i":{"x":[0.667,0.667,0.667],"y":[1,1,1]},"o":{"x":[0.333,0.333,0.333],"y":[0,0,0]},"t":61,"s":[89,89,100]},{"t":73.000002973351,"s":[100,100,100]}],"ix":6,"l":2}},"ao":0,"shapes":[{"ty":"gr","it":[{"ind":0,"ty":"sh","ix":1,"ks":{"a":0,"k":{"i":[[0,0],[0,0],[0,0]],"o":[[0,0],[0,0],[0,0]],"v":[[-30.305,-12.695],[-23.168,22.792],[30.305,-22.791]],"c":true},"ix":2},"nm":"Path 1","mn":"ADBE Vector Shape - Group","hd":false},{"ty":"fl","c":{"a":0,"k":[0.980392216701,0.541176470588,0.027450982262,1],"ix":4},"o":{"a":0,"k":100,"ix":5},"r":1,"bm":0,"nm":"Fill 1","mn":"ADBE Vector Graphic - Fill","hd":false},{"ty":"tr","p":{"a":0,"k":[139.564,210.251],"ix":2},"a":{"a":0,"k":[0,0],"ix":1},"s":{"a":0,"k":[100,100],"ix":3},"r":{"a":0,"k":0,"ix":6},"o":{"a":0,"k":100,"ix":7},"sk":{"a":0,"k":0,"ix":4},"sa":{"a":0,"k":0,"ix":5},"nm":"Transform"}],"nm":"Group 2","np":2,"cix":2,"bm":0,"ix":1,"mn":"ADBE Vector Group","hd":false},{"ty":"gr","it":[{"ind":0,"ty":"sh","ix":1,"ks":{"a":0,"k":{"i":[[0,0],[0,0],[0,0]],"o":[[0,0],[0,0],[0,0]],"v":[[-33.24,-15.496],[-24.968,26.815],[33.24,-26.815]],"c":true},"ix":2},"nm":"Path 1","mn":"ADBE Vector Shape - Group","hd":false},{"ty":"fl","c":{"a":0,"k":[0.203921583587,0.027450982262,0,1],"ix":4},"o":{"a":0,"k":100,"ix":5},"r":1,"bm":0,"nm":"Fill 1","mn":"ADBE Vector Graphic - Fill","hd":false},{"ty":"tr","p":{"a":0,"k":[142.499,213.051],"ix":2},"a":{"a":0,"k":[0,0],"ix":1},"s":{"a":0,"k":[100,100],"ix":3},"r":{"a":0,"k":0,"ix":6},"o":{"a":0,"k":100,"ix":7},"sk":{"a":0,"k":0,"ix":4},"sa":{"a":0,"k":0,"ix":5},"nm":"Transform"}],"nm":"Group 3","np":2,"cix":2,"bm":0,"ix":2,"mn":"ADBE Vector Group","hd":false},{"ty":"gr","it":[{"ind":0,"ty":"sh","ix":1,"ks":{"a":0,"k":{"i":[[0,0],[0,0],[0,0]],"o":[[0,0],[0,0],[0,0]],"v":[[30.342,-12.345],[22.774,23.171],[-30.342,-23.171]],"c":true},"ix":2},"nm":"Path 1","mn":"ADBE Vector Shape - Group","hd":false},{"ty":"fl","c":{"a":0,"k":[0.980392216701,0.541176470588,0.027450982262,1],"ix":4},"o":{"a":0,"k":100,"ix":5},"r":1,"bm":0,"nm":"Fill 1","mn":"ADBE Vector Graphic - Fill","hd":false},{"ty":"tr","p":{"a":0,"k":[-38.704,207.27],"ix":2},"a":{"a":0,"k":[0,0],"ix":1},"s":{"a":0,"k":[100,100],"ix":3},"r":{"a":0,"k":0,"ix":6},"o":{"a":0,"k":100,"ix":7},"sk":{"a":0,"k":0,"ix":4},"sa":{"a":0,"k":0,"ix":5},"nm":"Transform"}],"nm":"Group 4","np":2,"cix":2,"bm":0,"ix":3,"mn":"ADBE Vector Group","hd":false},{"ty":"gr","it":[{"ind":0,"ty":"sh","ix":1,"ks":{"a":0,"k":{"i":[[0,0],[0,0],[0,0]],"o":[[0,0],[0,0],[0,0]],"v":[[33.279,-15.113],[24.493,27.234],[-33.279,-27.234]],"c":true},"ix":2},"nm":"Path 1","mn":"ADBE Vector Shape - Group","hd":false},{"ty":"fl","c":{"a":0,"k":[0.203921583587,0.027450982262,0,1],"ix":4},"o":{"a":0,"k":100,"ix":5},"r":1,"bm":0,"nm":"Fill 1","mn":"ADBE Vector Graphic - Fill","hd":false},{"ty":"tr","p":{"a":0,"k":[-41.641,210.038],"ix":2},"a":{"a":0,"k":[0,0],"ix":1},"s":{"a":0,"k":[100,100],"ix":3},"r":{"a":0,"k":0,"ix":6},"o":{"a":0,"k":100,"ix":7},"sk":{"a":0,"k":0,"ix":4},"sa":{"a":0,"k":0,"ix":5},"nm":"Transform"}],"nm":"Group 5","np":2,"cix":2,"bm":0,"ix":4,"mn":"ADBE Vector Group","hd":false},{"ty":"gr","it":[{"ind":0,"ty":"sh","ix":1,"ks":{"a":0,"k":{"i":[[-22.986,11.057],[110.945,0.636],[23.668,44.298],[-99.317,-0.569]],"o":[[-20.229,39.254],[-110.468,-0.634],[25.924,16.229],[103.378,0.594]],"v":[[187.034,-47.102],[4.35,61.029],[-187.035,-61.664],[1.003,-13.572]],"c":true},"ix":2},"nm":"Path 1","mn":"ADBE Vector Shape - Group","hd":false},{"ty":"fl","c":{"a":0,"k":[0.403921598547,0.086274509804,0,1],"ix":4},"o":{"a":0,"k":100,"ix":5},"r":1,"bm":0,"nm":"Fill 1","mn":"ADBE Vector Graphic - Fill","hd":false},{"ty":"tr","p":{"a":0,"k":[46.25,215.146],"ix":2},"a":{"a":0,"k":[0,0],"ix":1},"s":{"a":0,"k":[100,100],"ix":3},"r":{"a":0,"k":0,"ix":6},"o":{"a":0,"k":100,"ix":7},"sk":{"a":0,"k":0,"ix":4},"sa":{"a":0,"k":0,"ix":5},"nm":"Transform"}],"nm":"Group 6","np":2,"cix":2,"bm":0,"ix":5,"mn":"ADBE Vector Group","hd":false},{"ty":"gr","it":[{"ind":0,"ty":"sh","ix":1,"ks":{"a":0,"k":{"i":[[-0.557,0.235],[153.329,0.88],[0.779,2.341],[-8.756,-5.476],[-99.317,-0.57],[-22.986,11.057]],"o":[[-0.599,2.076],[-153.345,-0.879],[0.347,0.279],[25.924,16.229],[103.378,0.593],[6.808,-3.249]],"v":[[199.333,-58.399],[5.585,75.907],[-199.333,-76.787],[-185.683,-67.262],[2.355,-19.169],[188.386,-52.699]],"c":true},"ix":2},"nm":"Path 1","mn":"ADBE Vector Shape - Group","hd":false},{"ty":"fl","c":{"a":0,"k":[0.749019607843,0.211764720842,0,1],"ix":4},"o":{"a":0,"k":100,"ix":5},"r":1,"bm":0,"nm":"Fill 1","mn":"ADBE Vector Graphic - Fill","hd":false},{"ty":"tr","p":{"a":0,"k":[44.898,220.743],"ix":2},"a":{"a":0,"k":[0,0],"ix":1},"s":{"a":0,"k":[100,100],"ix":3},"r":{"a":0,"k":0,"ix":6},"o":{"a":0,"k":100,"ix":7},"sk":{"a":0,"k":0,"ix":4},"sa":{"a":0,"k":0,"ix":5},"nm":"Transform"}],"nm":"Group 7","np":2,"cix":2,"bm":0,"ix":6,"mn":"ADBE Vector Group","hd":false}],"ip":0,"op":300.00001221925,"st":0,"ct":1,"bm":0},{"ddd":0,"ind":5,"ty":4,"nm":"right eye","parent":8,"sr":1,"ks":{"o":{"a":0,"k":100,"ix":11},"r":{"a":0,"k":0,"ix":10},"p":{"a":1,"k":[{"i":{"x":0.667,"y":1},"o":{"x":0.333,"y":0},"t":24,"s":[461.893,296.816,0],"to":[0,1.264,0],"ti":[0,11.069,0]},{"i":{"x":0.667,"y":1},"o":{"x":0.333,"y":0},"t":38,"s":[461.893,304.4,0],"to":[0,-11.069,0],"ti":[0,0,0]},{"i":{"x":0.667,"y":1},"o":{"x":0.333,"y":0},"t":48,"s":[461.893,230.4,0],"to":[0,0,0],"ti":[0,-11.069,0]},{"i":{"x":0.667,"y":1},"o":{"x":0.333,"y":0},"t":61,"s":[461.893,304.4,0],"to":[0,11.069,0],"ti":[0,1.264,0]},{"t":73.000002973351,"s":[461.893,296.816,0]}],"ix":2,"l":2},"a":{"a":0,"k":[166.949,63.338,0],"ix":1,"l":2},"s":{"a":1,"k":[{"i":{"x":[0.667,0.667,0.667],"y":[1,1,1]},"o":{"x":[0.333,0.333,0.333],"y":[0,0,0]},"t":24,"s":[100,100,100]},{"i":{"x":[0.667,0.667,0.667],"y":[1,1,1]},"o":{"x":[0.333,0.333,0.333],"y":[0,0,0]},"t":38,"s":[89,89,100]},{"i":{"x":[0.667,0.667,0.667],"y":[1,1,1]},"o":{"x":[0.333,0.333,0.333],"y":[0,0,0]},"t":48,"s":[100,100,100]},{"i":{"x":[0.667,0.667,0.667],"y":[1,1,1]},"o":{"x":[0.333,0.333,0.333],"y":[0,0,0]},"t":61,"s":[89,89,100]},{"t":73.000002973351,"s":[100,100,100]}],"ix":6,"l":2}},"ao":0,"shapes":[{"ty":"gr","it":[{"ind":0,"ty":"sh","ix":1,"ks":{"a":0,"k":{"i":[[24.275,-12.202],[5.389,-5.641],[0,0],[-26.122,3.997],[-13.333,5.744],[-0.195,0.984]],"o":[[-25.99,13.053],[0,0],[10.142,0.299],[29.975,-4.588],[0.949,-0.408],[-13.719,-8.602]],"v":[[-10.127,-24.589],[-80.544,34.322],[-79.441,36.491],[6.03,-10.454],[78.852,5.03],[80.544,2.952]],"c":true},"ix":2},"nm":"Path 1","mn":"ADBE Vector Shape - Group","hd":false},{"ty":"fl","c":{"a":0,"k":[0.203921583587,0.027450982262,0,1],"ix":4},"o":{"a":0,"k":100,"ix":5},"r":1,"bm":0,"nm":"Fill 1","mn":"ADBE Vector Graphic - Fill","hd":false},{"ty":"tr","p":{"a":0,"k":[167.272,71.476],"ix":2},"a":{"a":0,"k":[0,0],"ix":1},"s":{"a":0,"k":[100,100],"ix":3},"r":{"a":0,"k":0,"ix":6},"o":{"a":0,"k":100,"ix":7},"sk":{"a":0,"k":0,"ix":4},"sa":{"a":0,"k":0,"ix":5},"nm":"Transform"}],"nm":"Group 9","np":2,"cix":2,"bm":0,"ix":1,"mn":"ADBE Vector Group","hd":false},{"ty":"gr","it":[{"ind":0,"ty":"sh","ix":1,"ks":{"a":0,"k":{"i":[[-1.479,-0.038],[-26.122,3.997],[-13.333,5.743],[-0.196,0.984],[34.111,-12.219],[3.909,-20.697]],"o":[[10.141,0.3],[29.975,-4.587],[0.949,-0.409],[2.642,-12.276],[-40.559,14.491],[-0.43,2.267]],"v":[[-80.245,49.695],[5.226,2.749],[78.049,18.235],[79.741,16.156],[-9.081,-37.776],[-81.954,46.381]],"c":true},"ix":2},"nm":"Path 1","mn":"ADBE Vector Shape - Group","hd":false},{"ty":"fl","c":{"a":0,"k":[0.474509833841,0.003921568627,0,1],"ix":4},"o":{"a":0,"k":100,"ix":5},"r":1,"bm":0,"nm":"Fill 1","mn":"ADBE Vector Graphic - Fill","hd":false},{"ty":"tr","p":{"a":0,"k":[168.076,58.272],"ix":2},"a":{"a":0,"k":[0,0],"ix":1},"s":{"a":0,"k":[100,100],"ix":3},"r":{"a":0,"k":0,"ix":6},"o":{"a":0,"k":100,"ix":7},"sk":{"a":0,"k":0,"ix":4},"sa":{"a":0,"k":0,"ix":5},"nm":"Transform"}],"nm":"Group 10","np":2,"cix":2,"bm":0,"ix":2,"mn":"ADBE Vector Group","hd":false}],"ip":0,"op":300.00001221925,"st":0,"ct":1,"bm":0},{"ddd":0,"ind":6,"ty":4,"nm":"left eye","parent":8,"sr":1,"ks":{"o":{"a":0,"k":100,"ix":11},"r":{"a":0,"k":0,"ix":10},"p":{"a":1,"k":[{"i":{"x":0.667,"y":1},"o":{"x":0.333,"y":0},"t":24,"s":[201.357,296.354,0],"to":[0,1.333,0],"ti":[0,11,0]},{"i":{"x":0.667,"y":1},"o":{"x":0.333,"y":0},"t":38,"s":[201.357,304.354,0],"to":[0,-11,0],"ti":[0,0,0]},{"i":{"x":0.667,"y":1},"o":{"x":0.333,"y":0},"t":48,"s":[201.357,230.354,0],"to":[0,0,0],"ti":[0,-11,0]},{"i":{"x":0.667,"y":1},"o":{"x":0.333,"y":0},"t":61,"s":[201.357,304.354,0],"to":[0,11,0],"ti":[0,1.333,0]},{"t":73.000002973351,"s":[201.357,296.354,0]}],"ix":2,"l":2},"a":{"a":0,"k":[-93.05,62.283,0],"ix":1,"l":2},"s":{"a":1,"k":[{"i":{"x":[0.667,0.667,0.667],"y":[1,1,1]},"o":{"x":[0.333,0.333,0.333],"y":[0,0,0]},"t":24,"s":[100,100,100]},{"i":{"x":[0.667,0.667,0.667],"y":[1,1,1]},"o":{"x":[0.333,0.333,0.333],"y":[0,0,0]},"t":38,"s":[89,89,100]},{"i":{"x":[0.667,0.667,0.667],"y":[1,1,1]},"o":{"x":[0.333,0.333,0.333],"y":[0,0,0]},"t":48,"s":[100,100,100]},{"i":{"x":[0.667,0.667,0.667],"y":[1,1,1]},"o":{"x":[0.333,0.333,0.333],"y":[0,0,0]},"t":61,"s":[89,89,100]},{"t":73.000002973351,"s":[100,100,100]}],"ix":6,"l":2}},"ao":0,"shapes":[{"ty":"gr","it":[{"ind":0,"ty":"sh","ix":1,"ks":{"a":0,"k":{"i":[[-23.969,-12.792],[-5.25,-5.771],[0,0],[26.017,4.636],[13.188,6.069],[0.171,0.989]],"o":[[25.663,13.686],[0,0],[-10.146,0.051],[-29.853,-5.321],[-0.938,-0.432],[13.925,-8.264]],"v":[[11.183,-25.01],[80.136,35.609],[78.98,37.75],[-5.316,-11.276],[-78.496,2.421],[-80.136,0.301]],"c":true},"ix":2},"nm":"Path 1","mn":"ADBE Vector Shape - Group","hd":false},{"ty":"fl","c":{"a":0,"k":[0.203921583587,0.027450982262,0,1],"ix":4},"o":{"a":0,"k":100,"ix":5},"r":1,"bm":0,"nm":"Fill 1","mn":"ADBE Vector Graphic - Fill","hd":false},{"ty":"tr","p":{"a":0,"k":[-93.383,70.162],"ix":2},"a":{"a":0,"k":[0,0],"ix":1},"s":{"a":0,"k":[100,100],"ix":3},"r":{"a":0,"k":0,"ix":6},"o":{"a":0,"k":100,"ix":7},"sk":{"a":0,"k":0,"ix":4},"sa":{"a":0,"k":0,"ix":5},"nm":"Transform"}],"nm":"Group 11","np":2,"cix":2,"bm":0,"ix":1,"mn":"ADBE Vector Group","hd":false},{"ty":"gr","it":[{"ind":0,"ty":"sh","ix":1,"ks":{"a":0,"k":{"i":[[1.479,-0.002],[26.017,4.636],[13.188,6.069],[0.171,0.988],[-33.802,-13.052],[-3.4,-20.786]],"o":[[-10.146,0.051],[-29.852,-5.321],[-0.938,-0.432],[-2.341,-12.338],[40.191,15.48],[0.375,2.276]],"v":[[79.647,51.094],[-4.649,2.068],[-77.829,15.765],[-79.469,13.646],[10.648,-38.094],[81.435,47.823]],"c":true},"ix":2},"nm":"Path 1","mn":"ADBE Vector Shape - Group","hd":false},{"ty":"fl","c":{"a":0,"k":[0.474509833841,0.003921568627,0,1],"ix":4},"o":{"a":0,"k":100,"ix":5},"r":1,"bm":0,"nm":"Fill 1","mn":"ADBE Vector Graphic - Fill","hd":false},{"ty":"tr","p":{"a":0,"k":[-94.05,56.818],"ix":2},"a":{"a":0,"k":[0,0],"ix":1},"s":{"a":0,"k":[100,100],"ix":3},"r":{"a":0,"k":0,"ix":6},"o":{"a":0,"k":100,"ix":7},"sk":{"a":0,"k":0,"ix":4},"sa":{"a":0,"k":0,"ix":5},"nm":"Transform"}],"nm":"Group 12","np":2,"cix":2,"bm":0,"ix":2,"mn":"ADBE Vector Group","hd":false}],"ip":0,"op":300.00001221925,"st":0,"ct":1,"bm":0},{"ddd":0,"ind":7,"ty":4,"nm":"nose","parent":8,"sr":1,"ks":{"o":{"a":0,"k":100,"ix":11},"r":{"a":0,"k":0,"ix":10},"p":{"a":1,"k":[{"i":{"x":0.667,"y":1},"o":{"x":0.333,"y":0},"t":24,"s":[331.567,389.725,0],"to":[0,3.667,0],"ti":[0,5.333,0]},{"i":{"x":0.667,"y":1},"o":{"x":0.333,"y":0},"t":38,"s":[331.567,411.725,0],"to":[0,-5.333,0],"ti":[0,0,0]},{"i":{"x":0.667,"y":1},"o":{"x":0.333,"y":0},"t":48,"s":[331.567,357.725,0],"to":[0,0,0],"ti":[0,-5.333,0]},{"i":{"x":0.667,"y":1},"o":{"x":0.333,"y":0},"t":61,"s":[331.567,411.725,0],"to":[0,5.333,0],"ti":[0,3.667,0]},{"t":73.000002973351,"s":[331.567,389.725,0]}],"ix":2,"l":2},"a":{"a":0,"k":[37.159,156.654,0],"ix":1,"l":2},"s":{"a":1,"k":[{"i":{"x":[0.667,0.667,0.667],"y":[1,1,1]},"o":{"x":[0.333,0.333,0.333],"y":[0,0,0]},"t":24,"s":[100,100,100]},{"i":{"x":[0.667,0.667,0.667],"y":[1,1,1]},"o":{"x":[0.333,0.333,0.333],"y":[0,0,0]},"t":38,"s":[89,89,100]},{"i":{"x":[0.667,0.667,0.667],"y":[1,1,1]},"o":{"x":[0.333,0.333,0.333],"y":[0,0,0]},"t":48,"s":[100,100,100]},{"i":{"x":[0.667,0.667,0.667],"y":[1,1,1]},"o":{"x":[0.333,0.333,0.333],"y":[0,0,0]},"t":61,"s":[89,89,100]},{"t":73.000002973351,"s":[100,100,100]}],"ix":6,"l":2}},"ao":0,"shapes":[{"ty":"gr","it":[{"ind":0,"ty":"sh","ix":1,"ks":{"a":0,"k":{"i":[[0,0],[0,0],[0,0]],"o":[[0,0],[0,0],[0,0]],"v":[[25.24,26.554],[-25.24,26.264],[-3.601,-26.554]],"c":true},"ix":2},"nm":"Path 1","mn":"ADBE Vector Shape - Group","hd":false},{"ty":"fl","c":{"a":0,"k":[0.203921583587,0.027450982262,0,1],"ix":4},"o":{"a":0,"k":100,"ix":5},"r":1,"bm":0,"nm":"Fill 1","mn":"ADBE Vector Graphic - Fill","hd":false},{"ty":"tr","p":{"a":0,"k":[43.815,122.335],"ix":2},"a":{"a":0,"k":[0,0],"ix":1},"s":{"a":0,"k":[100,100],"ix":3},"r":{"a":0,"k":0,"ix":6},"o":{"a":0,"k":100,"ix":7},"sk":{"a":0,"k":0,"ix":4},"sa":{"a":0,"k":0,"ix":5},"nm":"Transform"}],"nm":"Group 13","np":2,"cix":2,"bm":0,"ix":1,"mn":"ADBE Vector Group","hd":false},{"ty":"gr","it":[{"ind":0,"ty":"sh","ix":1,"ks":{"a":0,"k":{"i":[[0,0],[0,0],[0,0],[0,0],[0,0]],"o":[[0,0],[0,0],[0,0],[0,0],[0,0]],"v":[[35.794,37.681],[-35.795,37.271],[-5.115,-37.681],[1.017,-26.384],[29.858,26.725]],"c":true},"ix":2},"nm":"Path 1","mn":"ADBE Vector Shape - Group","hd":false},{"ty":"fl","c":{"a":0,"k":[0.474509833841,0.003921568627,0,1],"ix":4},"o":{"a":0,"k":100,"ix":5},"r":1,"bm":0,"nm":"Fill 1","mn":"ADBE Vector Graphic - Fill","hd":false},{"ty":"tr","p":{"a":0,"k":[39.196,122.165],"ix":2},"a":{"a":0,"k":[0,0],"ix":1},"s":{"a":0,"k":[100,100],"ix":3},"r":{"a":0,"k":0,"ix":6},"o":{"a":0,"k":100,"ix":7},"sk":{"a":0,"k":0,"ix":4},"sa":{"a":0,"k":0,"ix":5},"nm":"Transform"}],"nm":"Group 14","np":2,"cix":2,"bm":0,"ix":2,"mn":"ADBE Vector Group","hd":false}],"ip":0,"op":300.00001221925,"st":0,"ct":1,"bm":0},{"ddd":0,"ind":8,"ty":4,"nm":"Layer 1 Outlines","sr":1,"ks":{"o":{"a":0,"k":100,"ix":11},"r":{"a":0,"k":0,"ix":10},"p":{"a":1,"k":[{"i":{"x":0.667,"y":1},"o":{"x":0.333,"y":0},"t":38,"s":[671.057,859.443,0],"to":[0,-19.667,0],"ti":[0,0,0]},{"i":{"x":0.667,"y":1},"o":{"x":0.333,"y":0},"t":48,"s":[671.057,741.443,0],"to":[0,0,0],"ti":[0,-19.667,0]},{"t":61.0000024845809,"s":[671.057,859.443,0]}],"ix":2,"l":2},"a":{"a":0,"k":[348.465,666.514,0],"ix":1,"l":2},"s":{"a":1,"k":[{"i":{"x":[0.667,0.667,0.667],"y":[1,1,1]},"o":{"x":[0.333,0.333,0.333],"y":[0,0,0]},"t":30,"s":[100,100,100]},{"i":{"x":[0.667,0.667,0.667],"y":[1,1,1]},"o":{"x":[0.333,0.333,0.333],"y":[0,0,0]},"t":38,"s":[112,78,100]},{"i":{"x":[0.667,0.667,0.667],"y":[1,1,1]},"o":{"x":[0.333,0.333,0.333],"y":[0,0,0]},"t":48,"s":[96,106,100]},{"i":{"x":[0.667,0.667,0.667],"y":[1,1,1]},"o":{"x":[0.333,0.333,0.333],"y":[0,0,0]},"t":61,"s":[106,90,100]},{"t":73.000002973351,"s":[100,100,100]}],"ix":6,"l":2}},"ao":0,"shapes":[{"ty":"gr","it":[{"ind":0,"ty":"sh","ix":1,"ks":{"a":0,"k":{"i":[[0,0],[26.594,10.777],[7.396,15.442],[0.251,3.619],[-9.069,3.016],[-3.058,-9.215],[5.029,-5.952],[10.69,23.971],[-0.803,10.734],[-0.767,3.452],[0,0],[-1.134,-6.866],[-6.778,-7.675],[-14.897,7.99],[2.973,9.449],[5.278,1.637],[3.042,-6.546],[-2.876,-6.149],[-15.703,-5.836],[-13.82,-0.363],[-13.908,2.166]],"o":[[-27.006,7.992],[-15.467,-6.499],[-1.519,-3.277],[-0.554,-9.144],[9.816,-3.366],[2.687,7.497],[-19,22.323],[-4.761,-9.745],[0.251,-3.549],[0,0],[-0.649,6.948],[1.684,10.127],[10.579,12.175],[8.328,-4.412],[-1.638,-5.158],[-7.275,-2.393],[-3.132,6.15],[7.539,15.666],[13.017,4.657],[13.889,0.453],[0,0]],"v":[[83.214,39.607],[-0.725,38.7],[-40.762,4.598],[-43.498,-5.837],[-29.888,-28.095],[-7.049,-14.798],[-11.79,7.158],[-76.809,-7.401],[-82.411,-38.957],[-80.901,-49.478],[-80.408,-49.399],[-79.842,-28.563],[-67.529,-0.982],[-23.102,9.887],[-11.257,-13.423],[-22.121,-24.982],[-39.676,-15.696],[-39.375,3.97],[0.77,34.817],[41.351,42.301],[83.104,39.119]],"c":true},"ix":2},"nm":"Path 1","mn":"ADBE Vector Shape - Group","hd":false},{"ty":"fl","c":{"a":0,"k":[0.207843152214,0.309803921569,0,1],"ix":4},"o":{"a":0,"k":100,"ix":5},"r":1,"bm":0,"nm":"Fill 1","mn":"ADBE Vector Graphic - Fill","hd":false},{"ty":"tr","p":{"a":0,"k":[251.647,49.728],"ix":2},"a":{"a":0,"k":[0,0],"ix":1},"s":{"a":0,"k":[100,100],"ix":3},"r":{"a":0,"k":0,"ix":6},"o":{"a":0,"k":100,"ix":7},"sk":{"a":0,"k":0,"ix":4},"sa":{"a":0,"k":0,"ix":5},"nm":"Transform"}],"nm":"Group 1","np":2,"cix":2,"bm":0,"ix":1,"mn":"ADBE Vector Group","hd":false},{"ty":"gr","it":[{"ind":0,"ty":"sh","ix":1,"ks":{"a":0,"k":{"i":[[-239.725,-334.788],[-197.455,300.262]],"o":[[0,0],[0,0]],"v":[[51.888,269.843],[54.089,-269.844]],"c":true},"ix":2},"nm":"Path 1","mn":"ADBE Vector Shape - Group","hd":false},{"ty":"fl","c":{"a":0,"k":[0.937254961799,0.360784313725,0.078431372549,1],"ix":4},"o":{"a":0,"k":100,"ix":5},"r":1,"bm":0,"nm":"Fill 1","mn":"ADBE Vector Graphic - Fill","hd":false},{"ty":"tr","p":{"a":0,"k":[295.202,372.403],"ix":2},"a":{"a":0,"k":[0,0],"ix":1},"s":{"a":0,"k":[100,100],"ix":3},"r":{"a":0,"k":0,"ix":6},"o":{"a":0,"k":100,"ix":7},"sk":{"a":0,"k":0,"ix":4},"sa":{"a":0,"k":0,"ix":5},"nm":"Transform"}],"nm":"Group 15","np":2,"cix":2,"bm":0,"ix":2,"mn":"ADBE Vector Group","hd":false},{"ty":"gr","it":[{"ind":0,"ty":"sh","ix":1,"ks":{"a":0,"k":{"i":[[285.911,-314.134],[227.929,217.086]],"o":[[0,0],[0,0]],"v":[[-56.333,262.465],[-67.826,-262.466]],"c":true},"ix":2},"nm":"Path 1","mn":"ADBE Vector Shape - Group","hd":false},{"ty":"fl","c":{"a":0,"k":[0.937254961799,0.360784313725,0.078431372549,1],"ix":4},"o":{"a":0,"k":100,"ix":5},"r":1,"bm":0,"nm":"Fill 1","mn":"ADBE Vector Graphic - Fill","hd":false},{"ty":"tr","p":{"a":0,"k":[552.465,380.189],"ix":2},"a":{"a":0,"k":[0,0],"ix":1},"s":{"a":0,"k":[100,100],"ix":3},"r":{"a":0,"k":0,"ix":6},"o":{"a":0,"k":100,"ix":7},"sk":{"a":0,"k":0,"ix":4},"sa":{"a":0,"k":0,"ix":5},"nm":"Transform"}],"nm":"Group 16","np":2,"cix":2,"bm":0,"ix":3,"mn":"ADBE Vector Group","hd":false},{"ty":"gr","it":[{"ind":0,"ty":"sh","ix":1,"ks":{"a":0,"k":{"i":[[-282.287,-317.394],[-230.406,214.456]],"o":[[0,0],[0,0]],"v":[[51.779,262.383],[69.296,-262.382]],"c":true},"ix":2},"nm":"Path 1","mn":"ADBE Vector Shape - Group","hd":false},{"ty":"fl","c":{"a":0,"k":[0.937254961799,0.360784313725,0.078431372549,1],"ix":4},"o":{"a":0,"k":100,"ix":5},"r":1,"bm":0,"nm":"Fill 1","mn":"ADBE Vector Graphic - Fill","hd":false},{"ty":"tr","p":{"a":0,"k":[146.47,378.562],"ix":2},"a":{"a":0,"k":[0,0],"ix":1},"s":{"a":0,"k":[100,100],"ix":3},"r":{"a":0,"k":0,"ix":6},"o":{"a":0,"k":100,"ix":7},"sk":{"a":0,"k":0,"ix":4},"sa":{"a":0,"k":0,"ix":5},"nm":"Transform"}],"nm":"Group 17","np":2,"cix":2,"bm":0,"ix":4,"mn":"ADBE Vector Group","hd":false},{"ty":"gr","it":[{"ind":0,"ty":"sh","ix":1,"ks":{"a":0,"k":{"i":[[9.457,-40.495],[0.261,-0.989],[0.837,-2.853],[1.209,-3.558],[2.065,-4.855],[0.716,-1.581],[2.373,-4.288],[0.8,-1.382],[0.828,-1.326],[0.086,-0.17],[0.714,-1.099],[0.913,-1.24],[0,0],[0.599,-0.817],[0.313,-0.394],[0.2,-0.253],[0.086,-0.141],[0.627,-0.761],[0,0],[0.855,-1.014],[1.509,-1.633],[0,0],[0.541,-0.563],[0.968,-0.985],[0.882,-0.844],[0.086,-0.113],[0.796,-0.703],[0.227,-0.225],[0.114,-0.113],[0.484,-0.365],[0,0],[0.796,-0.675],[0,0],[0.313,-0.253],[0.341,-0.281],[0.086,-0.056],[0.937,-0.73],[0.938,-0.702],[0.113,-0.085],[0.199,-0.141],[0.852,-0.561],[1.052,-0.701],[0.483,-0.28],[0.454,-0.28],[0.824,-0.504],[0.397,-0.224],[0.965,-0.561],[1.461,-0.775],[0.25,-0.131],[2.541,-1.151],[2.042,-0.837],[0.198,-0.083],[1.588,-0.585],[0.737,-0.251],[0.822,-0.278],[0,0],[1.645,-0.5],[0.397,-0.111],[0.396,-0.111],[0.538,-0.138],[1.049,-0.277],[0.029,0],[0.766,-0.193],[0.198,-0.055],[0.567,-0.138],[0.397,-0.111],[2.606,-0.466],[0.737,-0.109],[2.096,-0.299],[3.535,0.332],[0,0],[4.543,-2.719],[1.221,-0.672],[0.652,-0.335],[4.368,-1.842],[1.928,-0.697],[3.203,-0.943],[0,0],[2.295,-0.58],[15.978,1.79],[1.47,0.235],[1.499,0.263],[1.385,0.292],[2.429,0.694],[1.553,0.518],[0.762,0.287],[1.552,0.632],[0.79,0.344],[1.581,0.717],[0.819,0.4],[1.608,0.858],[0.818,0.457],[1.636,0.971],[1.635,1.085],[0.818,0.571],[0.313,-0.225],[0.312,-0.197],[12.724,-3.38],[5.691,-0.646],[2.066,-0.129],[9.951,6.707],[0.254,0.172],[0.451,0.314],[0.112,0.086],[0,0],[2.208,-0.101],[2.01,-0.045],[3.225,0.131],[0.368,0.002],[0.905,0.033],[3.28,0.33],[0.82,0.117],[0.849,0.118],[1.753,0.264],[0,0],[0.904,0.175],[0.904,0.147],[0.367,0.087],[1.329,0.263],[1.159,0.261],[2.995,0.838],[1.045,0.317],[1.017,0.317],[2.033,0.719],[1.101,0.403],[2.089,0.889],[1.072,0.487],[1.045,0.487],[1.072,0.515],[1.072,0.572],[0.988,0.515],[0.085,0.057],[1.044,0.6],[1.072,0.657],[4.141,3.136],[0.817,0.627],[2.224,1.965],[0.956,0.911],[0.984,0.968],[1.013,1.053],[0.956,1.053],[0.843,0.967],[3.367,4.886],[1.795,2.925],[0.784,1.391],[0.756,1.419],[0.756,1.476],[0.028,0.057],[0.699,1.476],[0.614,1.391],[2.833,9.468],[0.499,1.786],[0.882,4.08],[-9.488,50.851],[-1.538,6.584],[-3.689,11.553],[-1.811,4.998],[-2.21,5.505],[-15.025,24.589],[-0.058,0.085],[-1.797,2.395],[-0.769,0.901],[-2.561,2.391],[-0.597,0.507],[-1.336,0.983],[-1.107,0.758],[-1.902,1.064],[-1.645,0.754],[-0.653,0.279],[-0.851,0.334],[-1.247,0.389],[-0.624,0.167],[-0.453,0.11],[-0.056,0],[-1.756,0.358],[-0.425,0.083],[-0.878,0.136],[-1.019,0.107],[-0.906,0.08],[-1.387,0.048],[-0.735,-0.005],[-4.543,-2.29],[0,0],[-0.256,0.225],[-1.138,1.069],[-26.014,-8.327],[-2.847,-1.827],[0,0],[0,0],[-20.939,4.832],[-37.304,-37.905],[-0.114,0.055],[-0.17,0.084],[-0.029,0.028],[-0.057,0.028],[-26.827,0.299],[-1.387,-0.064],[-7.345,-2.136],[0,0],[-0.198,-0.058],[-0.424,-0.144],[-0.565,-0.201],[-0.904,-0.373],[0,0],[-2.764,-1.515],[-0.902,-0.599],[-0.649,-0.4],[-1.409,-1.027],[-0.733,-0.598],[0,0],[-0.704,-0.655],[-0.647,-0.627],[-0.478,-0.512],[-0.394,-0.427],[-0.478,-0.54],[-0.646,-0.768],[-0.954,-1.307],[-0.758,-1.052],[-0.869,-1.392],[-0.421,-0.71],[-0.7,-1.164],[-1.429,-2.471],[-0.084,-0.198],[-1.345,-2.385],[-0.728,-1.305],[-0.224,-0.426],[-4.196,-8.457],[-1.454,-3.065],[-4.102,-10.154],[-1.311,-3.375],[-0.669,-1.871],[-1.808,-5.528],[-0.584,-1.842],[-0.472,-1.588],[-0.139,-0.425],[-0.499,-1.758],[-0.471,-1.757],[-0.498,-1.927],[-0.525,-2.21],[0,0],[-0.277,-1.161],[-0.276,-1.105],[-0.22,-1.02],[-0.577,-2.918],[-0.384,-2.124],[-0.52,-3.115],[-0.219,-1.387],[-0.516,-3.965],[-0.215,-2.01],[-0.026,-0.453],[-0.053,-0.652],[-0.08,-0.877],[0,0],[-0.187,-2.038],[-0.13,-1.811],[-0.026,-0.452],[-0.102,-1.868],[-0.072,-2.094]],"o":[[-0.232,1.017],[-0.724,2.995],[-1.068,3.758],[-1.784,5.309],[-0.688,1.609],[-2.149,4.713],[-0.772,1.41],[-0.828,1.382],[-0.114,0.197],[-0.742,1.155],[-0.856,1.297],[0,0],[-0.571,0.818],[-0.286,0.395],[-0.172,0.254],[-0.114,0.141],[-0.627,0.788],[0,0],[-0.826,1.042],[-1.453,1.746],[0,0],[-0.484,0.563],[-0.968,1.041],[-0.882,0.901],[-0.113,0.112],[-0.768,0.732],[-0.228,0.225],[-0.085,0.084],[-0.455,0.421],[0,0],[-0.768,0.703],[0,0],[-0.313,0.281],[-0.341,0.281],[-0.085,0.056],[-0.909,0.758],[-0.91,0.731],[-0.142,0.084],[-0.228,0.168],[-0.824,0.618],[-1.051,0.758],[-0.454,0.309],[-0.426,0.308],[-0.824,0.533],[-0.369,0.253],[-0.965,0.589],[-1.466,0.829],[-0.25,0.132],[-2.534,1.327],[-2.043,0.95],[-0.199,0.112],[-1.589,0.67],[-0.738,0.307],[-0.823,0.306],[0,0],[-1.673,0.584],[-0.425,0.139],[-0.425,0.139],[-0.567,0.166],[-1.077,0.305],[0,0],[-0.793,0.222],[-0.226,0.056],[-0.595,0.139],[-0.425,0.111],[-2.72,0.635],[-0.765,0.165],[-2.209,0.412],[-20.39,2.911],[-0.509,-0.031],[0,0],[-0.994,0.617],[-0.624,0.364],[-3.265,1.792],[-1.759,0.754],[-2.864,1.087],[0,0],[-2.126,0.639],[-12.582,3.041],[-1.442,-0.149],[-1.471,-0.207],[-1.356,-0.263],[-2.374,-0.551],[-1.554,-0.433],[-0.791,-0.231],[-1.553,-0.547],[-0.791,-0.287],[-1.581,-0.66],[-0.79,-0.372],[-1.608,-0.774],[-0.79,-0.429],[-1.608,-0.915],[-1.635,-1],[-0.818,-0.542],[-0.312,0.196],[-0.313,0.224],[-13.634,8.892],[-5.98,1.606],[-2.124,0.243],[-39.545,2.462],[-0.282,-0.2],[-0.761,-0.513],[-0.169,-0.086],[-0.339,-0.228],[0,0],[-1.302,0.049],[-2.377,0.043],[-0.368,-0.002],[-0.849,-0.033],[-2.829,-0.158],[-0.792,-0.09],[-0.792,-0.09],[-1.668,-0.208],[0,0],[-0.876,-0.146],[-0.905,-0.147],[-0.368,-0.058],[-1.3,-0.262],[-1.13,-0.233],[-2.883,-0.639],[-1.017,-0.289],[-1.017,-0.318],[-2.005,-0.634],[-1.101,-0.403],[-2.09,-0.804],[-1.044,-0.43],[-1.045,-0.487],[-1.072,-0.515],[-1.072,-0.544],[-0.988,-0.515],[-0.084,-0.057],[-1.044,-0.6],[-1.071,-0.629],[-4.201,-2.571],[-0.817,-0.627],[-2.254,-1.768],[-0.957,-0.855],[-0.986,-0.883],[-1.013,-1.025],[-0.957,-0.996],[-0.872,-0.938],[-3.683,-4.209],[-1.909,-2.7],[-0.841,-1.364],[-0.813,-1.392],[-0.784,-1.448],[-0.028,-0.057],[-0.728,-1.419],[-0.643,-1.333],[-3.632,-8.113],[-0.499,-1.729],[-1.054,-3.854],[-13.957,-62.955],[1.284,-6.84],[2.901,-12.434],[1.671,-5.197],[2.042,-5.79],[14.758,-37.069],[0.057,-0.084],[1.713,-2.792],[0.741,-0.986],[2.394,-2.93],[0.568,-0.563],[1.28,-1.181],[1.08,-0.843],[1.847,-1.291],[1.618,-0.925],[0.624,-0.279],[0.823,-0.363],[1.248,-0.503],[0.624,-0.223],[0.453,-0.139],[0.028,0],[1.729,-0.499],[0.425,-0.082],[0.85,-0.165],[1.019,-0.164],[0.906,-0.108],[1.387,-0.133],[0.736,-0.053],[29.037,-0.711],[0.452,0.229],[0.256,-0.254],[1.11,-1.097],[40.395,-37.205],[13.388,4.265],[0,0],[0.593,0.343],[0,0],[27.116,-6.324],[0,0],[0.113,-0.057],[0.029,-0.028],[0.028,0],[4.625,-2.237],[1.358,-0.02],[7.214,0.211],[0,0],[0.198,0.03],[0.423,0.144],[0.565,0.201],[0.932,0.317],[0,0],[2.852,1.092],[0.959,0.515],[0.621,0.372],[1.409,0.914],[0.761,0.57],[0,0],[0.732,0.57],[0.647,0.569],[0.507,0.427],[0.394,0.371],[0.507,0.512],[0.675,0.739],[1.04,1.194],[0.787,0.995],[0.898,1.307],[0.42,0.71],[0.7,1.164],[1.402,2.385],[0.141,0.17],[1.288,2.3],[0.728,1.306],[0.224,0.398],[4.145,7.579],[1.454,2.979],[4.361,9.221],[1.31,3.29],[0.696,1.843],[1.95,5.303],[0.612,1.843],[0.5,1.588],[0.167,0.453],[0.528,1.729],[0.5,1.729],[0.527,1.899],[0.582,2.154],[0,0],[0.276,1.133],[0.276,1.105],[0.221,1.02],[0.634,2.89],[0.441,2.097],[0.577,3.088],[0.218,1.388],[0.6,3.88],[0.243,1.982],[0.082,0.454],[0.081,0.651],[0.108,0.877],[0,0],[0.215,2.01],[0.159,1.784],[0.026,0.425],[0.131,1.869],[0.13,2.067],[1.436,35.776]],"v":[[334.448,128.133],[333.694,131.128],[331.352,139.943],[327.949,150.903],[322.146,166.15],[320.053,170.92],[313.241,184.379],[310.84,188.581],[308.355,192.642],[308.012,193.206],[305.814,196.56],[303.189,200.337],[303.189,200.365],[301.422,202.818],[300.537,204],[299.966,204.761],[299.652,205.184],[297.8,207.522],[297.799,207.55],[295.292,210.62],[290.878,215.688],[290.849,215.688],[289.311,217.377],[286.407,220.416],[283.76,223.033],[283.448,223.342],[281.115,225.508],[280.432,226.155],[280.12,226.436],[278.725,227.645],[278.725,227.673],[276.365,229.725],[276.337,229.725],[275.398,230.54],[274.346,231.411],[274.09,231.608],[271.305,233.827],[268.519,235.962],[268.151,236.243],[267.496,236.692],[264.996,238.488],[261.842,240.65],[260.451,241.547],[259.116,242.416],[256.646,243.958],[255.482,244.659],[252.557,246.397],[248.169,248.766],[247.422,249.169],[239.814,252.917],[233.659,255.598],[233.091,255.849],[228.298,257.718],[226.086,258.526],[223.62,259.417],[223.591,259.417],[218.629,261.03],[217.41,261.419],[216.193,261.78],[214.548,262.251],[211.345,263.138],[211.289,263.166],[208.936,263.775],[208.313,263.941],[206.556,264.356],[205.337,264.66],[197.349,266.312],[195.11,266.724],[188.625,267.762],[149.539,269.292],[148.774,269.231],[141.759,273.86],[138.436,275.793],[136.535,276.829],[125.043,282.366],[119.513,284.57],[110.384,287.658],[110.354,287.658],[103.724,289.459],[60.526,292.324],[56.172,291.762],[51.733,291.029],[47.635,290.184],[40.43,288.332],[35.798,286.891],[33.482,286.114],[28.795,284.36],[26.423,283.413],[21.681,281.32],[19.282,280.176],[14.486,277.714],[12.06,276.398],[7.208,273.569],[2.332,270.456],[-0.121,268.801],[-1.059,269.447],[-1.995,270.064],[-41.686,288.088],[-59.221,291.439],[-65.507,291.997],[-145.432,270.005],[-146.249,269.462],[-148.053,268.179],[-148.447,267.893],[-148.956,267.523],[-152.38,267.73],[-157.361,267.871],[-165.793,267.766],[-166.896,267.731],[-169.527,267.603],[-178.719,266.871],[-181.151,266.603],[-183.641,266.305],[-188.786,265.598],[-188.815,265.596],[-191.471,265.157],[-194.185,264.688],[-195.287,264.484],[-199.245,263.697],[-202.664,262.942],[-211.48,260.712],[-214.56,259.818],[-217.61,258.866],[-223.682,256.851],[-226.958,255.643],[-233.225,253.117],[-236.414,251.741],[-239.576,250.28],[-242.764,248.733],[-245.953,247.103],[-248.915,245.53],[-249.141,245.386],[-252.299,243.585],[-255.487,241.671],[-268.029,233.11],[-270.508,231.2],[-277.211,225.587],[-280.081,222.967],[-283.036,220.177],[-286.104,217.075],[-288.972,214.002],[-291.531,211.13],[-302.148,197.516],[-307.703,189.079],[-310.141,184.99],[-312.495,180.761],[-314.789,176.389],[-314.873,176.247],[-317,171.877],[-318.899,167.763],[-328.596,141.448],[-330.094,136.176],[-332.996,124.303],[-336.06,-46.995],[-331.813,-67.118],[-321.844,-103.083],[-316.635,-118.361],[-310.229,-135.303],[-263.005,-228.214],[-262.833,-228.467],[-257.583,-236.19],[-255.331,-239.035],[-247.899,-247.001],[-246.136,-248.604],[-242.212,-251.835],[-238.945,-254.222],[-233.323,-257.726],[-228.412,-260.245],[-226.511,-261.083],[-223.987,-262.115],[-220.216,-263.452],[-218.373,-264.036],[-217.042,-264.424],[-216.928,-264.452],[-211.714,-265.724],[-210.44,-265.971],[-207.862,-266.409],[-204.803,-266.844],[-202.057,-267.14],[-197.923,-267.427],[-195.716,-267.499],[-136.287,-253.661],[-135.581,-253.317],[-134.813,-254.049],[-131.427,-257.255],[-23.415,-282.47],[2.07,-270.864],[2.098,-270.864],[2.972,-270.293],[37.604,-284.328],[141.323,-251.729],[141.492,-251.812],[141.918,-252.008],[142.031,-252.092],[142.173,-252.148],[196.833,-265.276],[200.936,-265.252],[222.931,-261.9],[222.931,-261.872],[223.526,-261.727],[224.824,-261.323],[226.519,-260.748],[229.258,-259.741],[229.286,-259.713],[237.753,-255.788],[240.544,-254.159],[242.435,-252.988],[246.633,-250.077],[248.888,-248.31],[248.888,-248.282],[251.055,-246.458],[252.997,-244.664],[254.517,-243.213],[255.698,-242.017],[257.189,-240.424],[259.185,-238.177],[262.191,-234.425],[264.495,-231.327],[267.159,-227.294],[268.449,-225.164],[270.522,-221.672],[274.753,-214.403],[275.09,-213.836],[279.068,-206.795],[281.253,-202.878],[281.924,-201.657],[294.464,-177.589],[298.854,-168.509],[311.62,-139.403],[315.551,-129.392],[317.613,-123.806],[323.264,-107.558],[325.043,-102.003],[326.516,-97.212],[326.932,-95.88],[328.458,-90.636],[329.928,-85.393],[331.479,-79.639],[333.141,-73.094],[333.141,-73.065],[333.969,-69.637],[334.771,-66.321],[335.432,-63.29],[337.279,-54.592],[338.516,-48.275],[340.16,-38.984],[340.815,-34.821],[342.474,-23.039],[343.175,-17.065],[343.337,-15.677],[343.552,-13.723],[343.82,-11.118],[343.819,-11.005],[344.379,-4.947],[344.8,0.46],[344.878,1.762],[345.214,7.367],[345.517,13.594]],"c":true},"ix":2},"nm":"Path 1","mn":"ADBE Vector Shape - Group","hd":false},{"ty":"fl","c":{"a":0,"k":[1,0.533333333333,0,1],"ix":4},"o":{"a":0,"k":100,"ix":5},"r":1,"bm":0,"nm":"Fill 1","mn":"ADBE Vector Graphic - Fill","hd":false},{"ty":"tr","p":{"a":0,"k":[347.203,373.442],"ix":2},"a":{"a":0,"k":[0,0],"ix":1},"s":{"a":0,"k":[100,100],"ix":3},"r":{"a":0,"k":0,"ix":6},"o":{"a":0,"k":100,"ix":7},"sk":{"a":0,"k":0,"ix":4},"sa":{"a":0,"k":0,"ix":5},"nm":"Transform"}],"nm":"Group 18","np":2,"cix":2,"bm":0,"ix":5,"mn":"ADBE Vector Group","hd":false},{"ty":"gr","it":[{"ind":0,"ty":"sh","ix":1,"ks":{"a":0,"k":{"i":[[0.073,-2.971],[7.601,-7.936],[10.499,4.729],[1.803,1.397],[1.125,1.252],[0.707,10.05],[-0.05,3.764],[1.342,7.705],[8.892,13.605],[-7.075,0.016],[-5.144,-1.048],[-7.471,-9.834],[-1.678,-8.357],[-0.493,-7.756],[-0.076,-1.585]],"o":[[-0.15,11.261],[-7.943,8.331],[-2.315,-1.032],[-1.381,-1.083],[-6.523,-7.31],[-0.288,-3.963],[0.074,-7.894],[-2.739,-15.862],[6.968,-1.234],[5.263,0.002],[12.069,2.474],[5.139,6.764],[1.541,7.677],[0.105,1.557],[0.153,2.943]],"v":[[40.246,19.402],[30.451,49.708],[-1.333,55.893],[-7.509,52.208],[-11.253,48.706],[-20.773,21.26],[-21.074,9.599],[-22.948,-13.87],[-40.32,-58.565],[-19.199,-60.622],[-3.56,-59.117],[27.603,-40.716],[37.261,-17.627],[39.843,5.789],[40.099,10.489]],"c":true},"ix":2},"nm":"Path 1","mn":"ADBE Vector Shape - Group","hd":false},{"ty":"fl","c":{"a":0,"k":[0.207843152214,0.309803921569,0,1],"ix":4},"o":{"a":0,"k":100,"ix":5},"r":1,"bm":0,"nm":"Fill 1","mn":"ADBE Vector Graphic - Fill","hd":false},{"ty":"tr","p":{"a":0,"k":[344.56,69.713],"ix":2},"a":{"a":0,"k":[0,0],"ix":1},"s":{"a":0,"k":[100,100],"ix":3},"r":{"a":0,"k":0,"ix":6},"o":{"a":0,"k":100,"ix":7},"sk":{"a":0,"k":0,"ix":4},"sa":{"a":0,"k":0,"ix":5},"nm":"Transform"}],"nm":"Group 19","np":2,"cix":2,"bm":0,"ix":6,"mn":"ADBE Vector Group","hd":false},{"ty":"gr","it":[{"ind":0,"ty":"sh","ix":1,"ks":{"a":0,"k":{"i":[[1.019,-5.002],[0.174,-0.65],[0.172,-0.452],[0.688,-1.467],[1.827,-2.763],[11.041,-5.851],[1.816,-0.782],[2.411,-0.891],[16.168,-1.944],[0.369,-0.054],[10.899,-0.815],[8.52,-0.347],[39.533,4.5],[5.599,0.768],[35.455,10.107],[0.537,0.144],[0.142,0.029],[2.062,0.634],[16.659,6.236],[2.001,1.399],[0.841,1.476],[0.135,1.105],[-2.455,3.75],[-0.228,0.31],[-28.966,-16.663],[-30.344,1.608],[-16.38,-10.563],[-6.751,-7.17],[-0.787,-0.909],[-13.865,4.788],[-9.137,-0.448],[-12.248,-20.415],[-13.857,-1.353],[-16.506,-18.176],[-0.787,-0.911],[-0.169,-0.199],[0,0]],"o":[[-0.117,0.65],[-0.116,0.452],[-0.462,1.497],[-1.461,3.19],[-6.964,10.43],[-1.759,0.923],[-2.326,1.119],[-15.171,5.686],[-0.368,0.055],[-10.844,1.268],[-8.465,0.631],[-39.738,1.64],[-5.6,-0.626],[-36.531,-4.935],[-0.537,-0.116],[-0.113,-0.03],[-2.062,-0.578],[-17.062,-5.05],[-2.287,-0.862],[-1.353,-0.941],[-0.56,-1.022],[-0.684,-4.106],[0.2,-0.338],[19.116,-27.395],[3.314,-30.202],[19.332,-1.021],[8.289,5.34],[0.843,0.882],[8.726,-11.777],[8.619,-2.978],[23.791,1.156],[13.101,-4.764],[24.35,2.375],[0.984,1.081],[0.169,0.198],[0,0],[2.614,3.071]],"v":[[234.438,10.978],[233.974,12.928],[233.571,14.256],[231.847,18.688],[226.702,27.714],[198.716,52.37],[193.353,54.97],[186.205,57.957],[138.439,68.096],[137.334,68.231],[104.747,71.355],[79.271,72.822],[-39.89,68.516],[-56.687,66.439],[-164.878,43.86],[-166.488,43.427],[-166.884,43.311],[-173.042,41.493],[-223.653,24.564],[-230.341,21.356],[-233.716,17.8],[-234.773,14.624],[-231.108,2.223],[-230.452,1.237],[-141.372,-18.626],[-77.984,-73.441],[-23.377,-57.65],[-0.678,-38.673],[1.768,-36],[36.832,-61.407],[63.765,-65.356],[122.618,-30.128],[163.762,-35.07],[228.295,-3.319],[230.966,-0.36],[231.472,0.208],[231.5,0.237]],"c":true},"ix":2},"nm":"Path 1","mn":"ADBE Vector Shape - Group","hd":false},{"ty":"fl","c":{"a":0,"k":[0.474509833841,0.003921568627,0,1],"ix":4},"o":{"a":0,"k":100,"ix":5},"r":1,"bm":0,"nm":"Fill 1","mn":"ADBE Vector Graphic - Fill","hd":false},{"ty":"tr","p":{"a":0,"k":[344.989,113.493],"ix":2},"a":{"a":0,"k":[0,0],"ix":1},"s":{"a":0,"k":[100,100],"ix":3},"r":{"a":0,"k":0,"ix":6},"o":{"a":0,"k":100,"ix":7},"sk":{"a":0,"k":0,"ix":4},"sa":{"a":0,"k":0,"ix":5},"nm":"Transform"}],"nm":"Group 20","np":2,"cix":2,"bm":0,"ix":7,"mn":"ADBE Vector Group","hd":false}],"ip":0,"op":300.00001221925,"st":0,"ct":1,"bm":0},{"ddd":0,"ind":9,"ty":4,"nm":"Shape Layer 3","sr":1,"ks":{"o":{"a":0,"k":50,"ix":11},"r":{"a":0,"k":0,"ix":10},"p":{"a":0,"k":[666.965,838.913,0],"ix":2,"l":2},"a":{"a":0,"k":[-175.255,338.056,0],"ix":1,"l":2},"s":{"a":1,"k":[{"i":{"x":[0.667,0.667,0.667],"y":[1,1,1]},"o":{"x":[0.333,0.333,0.333],"y":[0,0,0]},"t":30,"s":[100,100,100]},{"i":{"x":[0.667,0.667,0.667],"y":[1,1,1]},"o":{"x":[0.333,0.333,0.333],"y":[0,0,0]},"t":38,"s":[113,100,100]},{"i":{"x":[0.667,0.667,0.667],"y":[1,1,1]},"o":{"x":[0.333,0.333,0.333],"y":[0,0,0]},"t":48,"s":[91,100,100]},{"i":{"x":[0.667,0.667,0.667],"y":[1,1,1]},"o":{"x":[0.333,0.333,0.333],"y":[0,0,0]},"t":61,"s":[103,100,100]},{"t":73.000002973351,"s":[100,100,100]}],"ix":6,"l":2}},"ao":0,"shapes":[{"ty":"gr","it":[{"d":1,"ty":"el","s":{"a":0,"k":[676.112,76.507],"ix":2},"p":{"a":0,"k":[0,0],"ix":3},"nm":"Ellipse Path 1","mn":"ADBE Vector Shape - Ellipse","hd":false},{"ty":"fl","c":{"a":0,"k":[0,0,0,1],"ix":4},"o":{"a":0,"k":100,"ix":5},"r":1,"bm":0,"nm":"Fill 1","mn":"ADBE Vector Graphic - Fill","hd":false},{"ty":"tr","p":{"a":0,"k":[-175.255,338.056],"ix":2},"a":{"a":0,"k":[0,0],"ix":1},"s":{"a":0,"k":[100,100],"ix":3},"r":{"a":0,"k":0,"ix":6},"o":{"a":0,"k":100,"ix":7},"sk":{"a":0,"k":0,"ix":4},"sa":{"a":0,"k":0,"ix":5},"nm":"Transform"}],"nm":"Ellipse 1","np":3,"cix":2,"bm":0,"ix":1,"mn":"ADBE Vector Group","hd":false}],"ip":0,"op":300.00001221925,"st":0,"ct":1,"bm":0}]},{"id":"comp_1","nm":"Comp 2","fr":29.9700012207031,"layers":[{"ddd":0,"ind":1,"ty":3,"nm":"Null 1","sr":1,"ks":{"o":{"a":0,"k":0,"ix":11},"r":{"a":0,"k":0,"ix":10},"p":{"a":1,"k":[{"i":{"x":0.667,"y":1},"o":{"x":0.333,"y":0},"t":0,"s":[3915,1687,0],"to":[138.833,383.833,0],"ti":[0,0,0]},{"i":{"x":0.667,"y":1},"o":{"x":0.333,"y":0},"t":40,"s":[4748,3990,0],"to":[0,0,0],"ti":[138.833,383.833,0]},{"t":80.0000032584668,"s":[3915,1687,0]}],"ix":2,"l":2},"a":{"a":0,"k":[0,0,0],"ix":1,"l":2},"s":{"a":0,"k":[55,55,100],"ix":6,"l":2}},"ao":0,"ip":0,"op":300.00001221925,"st":0,"bm":0},{"ddd":0,"ind":2,"ty":4,"nm":"Ñëîé 1 Outlines","parent":1,"sr":1,"ks":{"o":{"a":0,"k":100,"ix":11},"r":{"a":0,"k":0,"ix":10},"p":{"a":1,"k":[{"i":{"x":0.667,"y":1},"o":{"x":0.333,"y":0},"t":0,"s":[85.835,168.313,0],"to":[0,-9.5,0],"ti":[0,0,0]},{"i":{"x":0.667,"y":1},"o":{"x":0.333,"y":0},"t":5,"s":[85.835,111.313,0],"to":[0,0,0],"ti":[0,0,0]},{"i":{"x":0.667,"y":1},"o":{"x":0.333,"y":0},"t":10,"s":[85.835,168.313,0],"to":[0,0,0],"ti":[0,0,0]},{"i":{"x":0.667,"y":1},"o":{"x":0.333,"y":0},"t":15,"s":[85.835,111.313,0],"to":[0,0,0],"ti":[0,0,0]},{"i":{"x":0.667,"y":1},"o":{"x":0.333,"y":0},"t":20,"s":[85.835,168.313,0],"to":[0,0,0],"ti":[0,0,0]},{"i":{"x":0.667,"y":1},"o":{"x":0.333,"y":0},"t":25,"s":[85.835,111.313,0],"to":[0,0,0],"ti":[0,0,0]},{"i":{"x":0.667,"y":1},"o":{"x":0.333,"y":0},"t":30,"s":[85.835,168.313,0],"to":[0,0,0],"ti":[0,0,0]},{"i":{"x":0.667,"y":1},"o":{"x":0.333,"y":0},"t":35,"s":[85.835,111.313,0],"to":[0,0,0],"ti":[0,0,0]},{"i":{"x":0.667,"y":1},"o":{"x":0.333,"y":0},"t":40,"s":[85.835,168.313,0],"to":[0,0,0],"ti":[0,0,0]},{"i":{"x":0.667,"y":1},"o":{"x":0.333,"y":0},"t":45,"s":[85.835,111.313,0],"to":[0,0,0],"ti":[0,0,0]},{"i":{"x":0.667,"y":1},"o":{"x":0.333,"y":0},"t":50,"s":[85.835,168.313,0],"to":[0,0,0],"ti":[0,0,0]},{"i":{"x":0.667,"y":1},"o":{"x":0.333,"y":0},"t":55,"s":[85.835,111.313,0],"to":[0,0,0],"ti":[0,0,0]},{"i":{"x":0.667,"y":1},"o":{"x":0.333,"y":0},"t":60,"s":[85.835,168.313,0],"to":[0,0,0],"ti":[0,0,0]},{"i":{"x":0.667,"y":1},"o":{"x":0.333,"y":0},"t":65,"s":[85.835,111.313,0],"to":[0,0,0],"ti":[0,0,0]},{"i":{"x":0.667,"y":1},"o":{"x":0.333,"y":0},"t":70,"s":[85.835,168.313,0],"to":[0,0,0],"ti":[0,0,0]},{"i":{"x":0.667,"y":1},"o":{"x":0.333,"y":0},"t":75,"s":[85.835,111.313,0],"to":[0,0,0],"ti":[0,-9.5,0]},{"t":80.0000032584668,"s":[85.835,168.313,0]}],"ix":2,"l":2},"a":{"a":0,"k":[228.318,377.839,0],"ix":1,"l":2},"s":{"a":0,"k":[100,100,100],"ix":6,"l":2}},"ao":0,"shapes":[{"ty":"gr","it":[{"ind":0,"ty":"sh","ix":1,"ks":{"a":0,"k":{"i":[[7.78,142.701],[-98.793,40.583],[-32.389,-33.347],[-8.004,161.584],[98.201,103.76],[14.596,65.655],[6.371,137.225],[53.123,-82.272],[74.39,-51.321],[79.13,14.365],[-56.292,-37.451],[-16.008,-37.001],[-26.866,-219.037],[-36.176,-14.353]],"o":[[0,0],[0,0],[0,0],[0,0],[0,0],[0,0],[0,0],[0,0],[0,0],[0,0],[0,0],[0,0],[0,0],[0,0]],"v":[[-116.555,234.887],[139.371,233.27],[177.775,367.34],[222.661,213.771],[129.867,-117.052],[131.26,-201.157],[188.036,-377.589],[66.787,-281.086],[-68.945,-278.134],[-192.206,-365.447],[-128.626,-196.266],[-126.344,-115.816],[-201.202,204.151],[-151.51,375.833]],"c":true},"ix":2},"nm":"Path 1","mn":"ADBE Vector Shape - Group","hd":false},{"ty":"fl","c":{"a":0,"k":[0,0,0,1],"ix":4},"o":{"a":0,"k":100,"ix":5},"r":1,"bm":0,"nm":"Fill 1","mn":"ADBE Vector Graphic - Fill","hd":false},{"ty":"tr","p":{"a":0,"k":[228.317,377.839],"ix":2},"a":{"a":0,"k":[0,0],"ix":1},"s":{"a":0,"k":[100,100],"ix":3},"r":{"a":0,"k":0,"ix":6},"o":{"a":0,"k":100,"ix":7},"sk":{"a":0,"k":0,"ix":4},"sa":{"a":0,"k":0,"ix":5},"nm":"Transform"}],"nm":"Group 1","np":2,"cix":2,"bm":0,"ix":1,"mn":"ADBE Vector Group","hd":false}],"ip":0,"op":300.00001221925,"st":0,"ct":1,"bm":0},{"ddd":0,"ind":3,"ty":4,"nm":"Layer 3 Outlines","parent":2,"sr":1,"ks":{"o":{"a":0,"k":100,"ix":11},"r":{"a":1,"k":[{"i":{"x":[0.667],"y":[1]},"o":{"x":[0.333],"y":[0]},"t":0,"s":[0]},{"i":{"x":[0.667],"y":[1]},"o":{"x":[0.333],"y":[0]},"t":5,"s":[-20]},{"i":{"x":[0.667],"y":[1]},"o":{"x":[0.333],"y":[0]},"t":10,"s":[0]},{"i":{"x":[0.667],"y":[1]},"o":{"x":[0.333],"y":[0]},"t":15,"s":[-20]},{"i":{"x":[0.667],"y":[1]},"o":{"x":[0.333],"y":[0]},"t":20,"s":[0]},{"i":{"x":[0.667],"y":[1]},"o":{"x":[0.333],"y":[0]},"t":25,"s":[-20]},{"i":{"x":[0.667],"y":[1]},"o":{"x":[0.333],"y":[0]},"t":30,"s":[0]},{"i":{"x":[0.667],"y":[1]},"o":{"x":[0.333],"y":[0]},"t":35,"s":[-20]},{"i":{"x":[0.667],"y":[1]},"o":{"x":[0.333],"y":[0]},"t":40,"s":[0]},{"i":{"x":[0.667],"y":[1]},"o":{"x":[0.333],"y":[0]},"t":45,"s":[-20]},{"i":{"x":[0.667],"y":[1]},"o":{"x":[0.333],"y":[0]},"t":50,"s":[0]},{"i":{"x":[0.667],"y":[1]},"o":{"x":[0.333],"y":[0]},"t":55,"s":[-20]},{"i":{"x":[0.667],"y":[1]},"o":{"x":[0.333],"y":[0]},"t":60,"s":[0]},{"i":{"x":[0.667],"y":[1]},"o":{"x":[0.333],"y":[0]},"t":65,"s":[-20]},{"i":{"x":[0.667],"y":[1]},"o":{"x":[0.333],"y":[0]},"t":70,"s":[0]},{"i":{"x":[0.667],"y":[1]},"o":{"x":[0.333],"y":[0]},"t":75,"s":[-20]},{"t":80.0000032584668,"s":[0]}],"ix":10},"p":{"a":0,"k":[127.385,422.147,0],"ix":2,"l":2},"a":{"a":0,"k":[1435.848,662.993,0],"ix":1,"l":2},"s":{"a":0,"k":[100,100,100],"ix":6,"l":2}},"ao":0,"shapes":[{"ty":"gr","it":[{"ind":0,"ty":"sh","ix":1,"ks":{"a":0,"k":{"i":[[211.804,-565.798],[-212.691,-94.115],[-24.034,-86.066],[-152.559,-38.792],[-65.975,-105.969],[-183.862,-71.664],[-30.595,-23.134],[0,0],[0,0],[0,0],[260.242,244.073],[181.231,77.378],[-26.262,-87.957]],"o":[[0,0],[0,0],[0,0],[0,0],[0,0],[0,0],[0,0],[0,0],[0,0],[0,0],[0,0],[0,0],[0,0]],"v":[[-747.598,350.079],[-343.592,213.261],[-246.436,325.812],[20.039,259.086],[197.623,385.909],[457.737,346.213],[592.004,410.743],[712.598,359.878],[747.598,158.878],[662.59,91.875],[232.841,-187.05],[-99.172,-410.743],[8.337,-242.079]],"c":true},"ix":2},"nm":"Path 1","mn":"ADBE Vector Shape - Group","hd":false},{"ty":"fl","c":{"a":0,"k":[0,0,0,1],"ix":4},"o":{"a":0,"k":100,"ix":5},"r":1,"bm":0,"nm":"Fill 1","mn":"ADBE Vector Graphic - Fill","hd":false},{"ty":"tr","p":{"a":0,"k":[747.848,410.994],"ix":2},"a":{"a":0,"k":[0,0],"ix":1},"s":{"a":0,"k":[100,100],"ix":3},"r":{"a":0,"k":0,"ix":6},"o":{"a":0,"k":100,"ix":7},"sk":{"a":0,"k":0,"ix":4},"sa":{"a":0,"k":0,"ix":5},"nm":"Transform"}],"nm":"Group 1","np":2,"cix":2,"bm":0,"ix":1,"mn":"ADBE Vector Group","hd":false}],"ip":0,"op":300.00001221925,"st":0,"ct":1,"bm":0},{"ddd":0,"ind":4,"ty":4,"nm":"Layer 2 Outlines","parent":2,"sr":1,"ks":{"o":{"a":0,"k":100,"ix":11},"r":{"a":1,"k":[{"i":{"x":[0.667],"y":[1]},"o":{"x":[0.333],"y":[0]},"t":0,"s":[0]},{"i":{"x":[0.667],"y":[1]},"o":{"x":[0.333],"y":[0]},"t":5,"s":[20]},{"i":{"x":[0.667],"y":[1]},"o":{"x":[0.333],"y":[0]},"t":10,"s":[0]},{"i":{"x":[0.667],"y":[1]},"o":{"x":[0.333],"y":[0]},"t":15,"s":[20]},{"i":{"x":[0.667],"y":[1]},"o":{"x":[0.333],"y":[0]},"t":20,"s":[0]},{"i":{"x":[0.667],"y":[1]},"o":{"x":[0.333],"y":[0]},"t":25,"s":[20]},{"i":{"x":[0.667],"y":[1]},"o":{"x":[0.333],"y":[0]},"t":30,"s":[0]},{"i":{"x":[0.667],"y":[1]},"o":{"x":[0.333],"y":[0]},"t":35,"s":[20]},{"i":{"x":[0.667],"y":[1]},"o":{"x":[0.333],"y":[0]},"t":40,"s":[0]},{"i":{"x":[0.667],"y":[1]},"o":{"x":[0.333],"y":[0]},"t":45,"s":[20]},{"i":{"x":[0.667],"y":[1]},"o":{"x":[0.333],"y":[0]},"t":50,"s":[0]},{"i":{"x":[0.667],"y":[1]},"o":{"x":[0.333],"y":[0]},"t":55,"s":[20]},{"i":{"x":[0.667],"y":[1]},"o":{"x":[0.333],"y":[0]},"t":60,"s":[0]},{"i":{"x":[0.667],"y":[1]},"o":{"x":[0.333],"y":[0]},"t":65,"s":[20]},{"i":{"x":[0.667],"y":[1]},"o":{"x":[0.333],"y":[0]},"t":70,"s":[0]},{"i":{"x":[0.667],"y":[1]},"o":{"x":[0.333],"y":[0]},"t":75,"s":[20]},{"t":80.0000032584668,"s":[0]}],"ix":10},"p":{"a":0,"k":[359.929,441.199,0],"ix":2,"l":2},"a":{"a":0,"k":[62.291,725.336,0],"ix":1,"l":2},"s":{"a":0,"k":[100,100,100],"ix":6,"l":2}},"ao":0,"shapes":[{"ty":"gr","it":[{"ind":0,"ty":"sh","ix":1,"ks":{"a":0,"k":{"i":[[-245.969,-551.804],[206.544,-106.931],[18.732,-87.373],[149.904,-48.037],[59.379,-109.801],[179.141,-82.761],[29.125,-24.959],[0,0],[0,0],[0,0],[-244.848,259.513],[-176.166,88.305],[20.84,-89.397]],"o":[[0,0],[0,0],[0,0],[0,0],[0,0],[0,0],[0,0],[0,0],[0,0],[0,0],[0,0],[0,0],[0,0]],"v":[[752.042,288.71],[340.433,176.825],[250.334,295.1],[-19.719,244.775],[-189.226,382.208],[-451.279,358.476],[-581.353,431.086],[-704.83,387.681],[-752.041,189.195],[-671.285,117.126],[-259.375,-187.529],[58.354,-431.086],[-38.652,-256.169]],"c":true},"ix":2},"nm":"Path 1","mn":"ADBE Vector Shape - Group","hd":false},{"ty":"fl","c":{"a":0,"k":[0,0,0,1],"ix":4},"o":{"a":0,"k":100,"ix":5},"r":1,"bm":0,"nm":"Fill 1","mn":"ADBE Vector Graphic - Fill","hd":false},{"ty":"tr","p":{"a":0,"k":[752.292,431.336],"ix":2},"a":{"a":0,"k":[0,0],"ix":1},"s":{"a":0,"k":[100,100],"ix":3},"r":{"a":0,"k":0,"ix":6},"o":{"a":0,"k":100,"ix":7},"sk":{"a":0,"k":0,"ix":4},"sa":{"a":0,"k":0,"ix":5},"nm":"Transform"}],"nm":"Group 1","np":2,"cix":2,"bm":0,"ix":1,"mn":"ADBE Vector Group","hd":false}],"ip":0,"op":300.00001221925,"st":0,"ct":1,"bm":0}]},{"id":"comp_2","nm":"Comp 1","fr":29.9700012207031,"layers":[{"ddd":0,"ind":1,"ty":3,"nm":"Null 1","sr":1,"ks":{"o":{"a":0,"k":0,"ix":11},"r":{"a":0,"k":0,"ix":10},"p":{"a":1,"k":[{"i":{"x":0.667,"y":1},"o":{"x":0.333,"y":0},"t":0,"s":[2191.5,1440,0],"to":[-102.667,317.333,0],"ti":[0,0,0]},{"i":{"x":0.667,"y":1},"o":{"x":0.333,"y":0},"t":40,"s":[1575.5,3344,0],"to":[0,0,0],"ti":[-102.667,317.333,0]},{"t":80.0000032584668,"s":[2191.5,1440,0]}],"ix":2,"l":2},"a":{"a":0,"k":[0,0,0],"ix":1,"l":2},"s":{"a":0,"k":[55,55,100],"ix":6,"l":2}},"ao":0,"ip":0,"op":300.00001221925,"st":0,"bm":0},{"ddd":0,"ind":2,"ty":4,"nm":"Ñëîé 1 Outlines","parent":1,"sr":1,"ks":{"o":{"a":0,"k":100,"ix":11},"r":{"a":0,"k":0,"ix":10},"p":{"a":1,"k":[{"i":{"x":0.667,"y":1},"o":{"x":0.333,"y":0},"t":0,"s":[85.835,168.313,0],"to":[0,-9.5,0],"ti":[0,0,0]},{"i":{"x":0.667,"y":1},"o":{"x":0.333,"y":0},"t":5,"s":[85.835,111.313,0],"to":[0,0,0],"ti":[0,0,0]},{"i":{"x":0.667,"y":1},"o":{"x":0.333,"y":0},"t":10,"s":[85.835,168.313,0],"to":[0,0,0],"ti":[0,0,0]},{"i":{"x":0.667,"y":1},"o":{"x":0.333,"y":0},"t":15,"s":[85.835,111.313,0],"to":[0,0,0],"ti":[0,0,0]},{"i":{"x":0.667,"y":1},"o":{"x":0.333,"y":0},"t":20,"s":[85.835,168.313,0],"to":[0,0,0],"ti":[0,0,0]},{"i":{"x":0.667,"y":1},"o":{"x":0.333,"y":0},"t":25,"s":[85.835,111.313,0],"to":[0,0,0],"ti":[0,0,0]},{"i":{"x":0.667,"y":1},"o":{"x":0.333,"y":0},"t":30,"s":[85.835,168.313,0],"to":[0,0,0],"ti":[0,0,0]},{"i":{"x":0.667,"y":1},"o":{"x":0.333,"y":0},"t":35,"s":[85.835,111.313,0],"to":[0,0,0],"ti":[0,0,0]},{"i":{"x":0.667,"y":1},"o":{"x":0.333,"y":0},"t":40,"s":[85.835,168.313,0],"to":[0,0,0],"ti":[0,0,0]},{"i":{"x":0.667,"y":1},"o":{"x":0.333,"y":0},"t":45,"s":[85.835,111.313,0],"to":[0,0,0],"ti":[0,0,0]},{"i":{"x":0.667,"y":1},"o":{"x":0.333,"y":0},"t":50,"s":[85.835,168.313,0],"to":[0,0,0],"ti":[0,0,0]},{"i":{"x":0.667,"y":1},"o":{"x":0.333,"y":0},"t":55,"s":[85.835,111.313,0],"to":[0,0,0],"ti":[0,0,0]},{"i":{"x":0.667,"y":1},"o":{"x":0.333,"y":0},"t":60,"s":[85.835,168.313,0],"to":[0,0,0],"ti":[0,0,0]},{"i":{"x":0.667,"y":1},"o":{"x":0.333,"y":0},"t":65,"s":[85.835,111.313,0],"to":[0,0,0],"ti":[0,0,0]},{"i":{"x":0.667,"y":1},"o":{"x":0.333,"y":0},"t":70,"s":[85.835,168.313,0],"to":[0,0,0],"ti":[0,0,0]},{"i":{"x":0.667,"y":1},"o":{"x":0.333,"y":0},"t":75,"s":[85.835,111.313,0],"to":[0,0,0],"ti":[0,-9.5,0]},{"t":80.0000032584668,"s":[85.835,168.313,0]}],"ix":2,"l":2},"a":{"a":0,"k":[228.318,377.839,0],"ix":1,"l":2},"s":{"a":0,"k":[100,100,100],"ix":6,"l":2}},"ao":0,"shapes":[{"ty":"gr","it":[{"ind":0,"ty":"sh","ix":1,"ks":{"a":0,"k":{"i":[[7.78,142.701],[-98.793,40.583],[-32.389,-33.347],[-8.004,161.584],[98.201,103.76],[14.596,65.655],[6.371,137.225],[53.123,-82.272],[74.39,-51.321],[79.13,14.365],[-56.292,-37.451],[-16.008,-37.001],[-26.866,-219.037],[-36.176,-14.353]],"o":[[0,0],[0,0],[0,0],[0,0],[0,0],[0,0],[0,0],[0,0],[0,0],[0,0],[0,0],[0,0],[0,0],[0,0]],"v":[[-116.555,234.887],[139.371,233.27],[177.775,367.34],[222.661,213.771],[129.867,-117.052],[131.26,-201.157],[188.036,-377.589],[66.787,-281.086],[-68.945,-278.134],[-192.206,-365.447],[-128.626,-196.266],[-126.344,-115.816],[-201.202,204.151],[-151.51,375.833]],"c":true},"ix":2},"nm":"Path 1","mn":"ADBE Vector Shape - Group","hd":false},{"ty":"fl","c":{"a":0,"k":[0,0,0,1],"ix":4},"o":{"a":0,"k":100,"ix":5},"r":1,"bm":0,"nm":"Fill 1","mn":"ADBE Vector Graphic - Fill","hd":false},{"ty":"tr","p":{"a":0,"k":[228.317,377.839],"ix":2},"a":{"a":0,"k":[0,0],"ix":1},"s":{"a":0,"k":[100,100],"ix":3},"r":{"a":0,"k":0,"ix":6},"o":{"a":0,"k":100,"ix":7},"sk":{"a":0,"k":0,"ix":4},"sa":{"a":0,"k":0,"ix":5},"nm":"Transform"}],"nm":"Group 1","np":2,"cix":2,"bm":0,"ix":1,"mn":"ADBE Vector Group","hd":false}],"ip":0,"op":300.00001221925,"st":0,"ct":1,"bm":0},{"ddd":0,"ind":3,"ty":4,"nm":"Layer 3 Outlines","parent":2,"sr":1,"ks":{"o":{"a":0,"k":100,"ix":11},"r":{"a":1,"k":[{"i":{"x":[0.667],"y":[1]},"o":{"x":[0.333],"y":[0]},"t":0,"s":[0]},{"i":{"x":[0.667],"y":[1]},"o":{"x":[0.333],"y":[0]},"t":5,"s":[-20]},{"i":{"x":[0.667],"y":[1]},"o":{"x":[0.333],"y":[0]},"t":10,"s":[0]},{"i":{"x":[0.667],"y":[1]},"o":{"x":[0.333],"y":[0]},"t":15,"s":[-20]},{"i":{"x":[0.667],"y":[1]},"o":{"x":[0.333],"y":[0]},"t":20,"s":[0]},{"i":{"x":[0.667],"y":[1]},"o":{"x":[0.333],"y":[0]},"t":25,"s":[-20]},{"i":{"x":[0.667],"y":[1]},"o":{"x":[0.333],"y":[0]},"t":30,"s":[0]},{"i":{"x":[0.667],"y":[1]},"o":{"x":[0.333],"y":[0]},"t":35,"s":[-20]},{"i":{"x":[0.667],"y":[1]},"o":{"x":[0.333],"y":[0]},"t":40,"s":[0]},{"i":{"x":[0.667],"y":[1]},"o":{"x":[0.333],"y":[0]},"t":45,"s":[-20]},{"i":{"x":[0.667],"y":[1]},"o":{"x":[0.333],"y":[0]},"t":50,"s":[0]},{"i":{"x":[0.667],"y":[1]},"o":{"x":[0.333],"y":[0]},"t":55,"s":[-20]},{"i":{"x":[0.667],"y":[1]},"o":{"x":[0.333],"y":[0]},"t":60,"s":[0]},{"i":{"x":[0.667],"y":[1]},"o":{"x":[0.333],"y":[0]},"t":65,"s":[-20]},{"i":{"x":[0.667],"y":[1]},"o":{"x":[0.333],"y":[0]},"t":70,"s":[0]},{"i":{"x":[0.667],"y":[1]},"o":{"x":[0.333],"y":[0]},"t":75,"s":[-20]},{"t":80.0000032584668,"s":[0]}],"ix":10},"p":{"a":0,"k":[127.385,422.147,0],"ix":2,"l":2},"a":{"a":0,"k":[1435.848,662.993,0],"ix":1,"l":2},"s":{"a":0,"k":[100,100,100],"ix":6,"l":2}},"ao":0,"shapes":[{"ty":"gr","it":[{"ind":0,"ty":"sh","ix":1,"ks":{"a":0,"k":{"i":[[211.804,-565.798],[-212.691,-94.115],[-24.034,-86.066],[-152.559,-38.792],[-65.975,-105.969],[-183.862,-71.664],[-30.595,-23.134],[0,0],[0,0],[0,0],[260.242,244.073],[181.231,77.378],[-26.262,-87.957]],"o":[[0,0],[0,0],[0,0],[0,0],[0,0],[0,0],[0,0],[0,0],[0,0],[0,0],[0,0],[0,0],[0,0]],"v":[[-747.598,350.079],[-343.592,213.261],[-246.436,325.812],[20.039,259.086],[197.623,385.909],[457.737,346.213],[592.004,410.743],[712.598,359.878],[747.598,158.878],[662.59,91.875],[232.841,-187.05],[-99.172,-410.743],[8.337,-242.079]],"c":true},"ix":2},"nm":"Path 1","mn":"ADBE Vector Shape - Group","hd":false},{"ty":"fl","c":{"a":0,"k":[0,0,0,1],"ix":4},"o":{"a":0,"k":100,"ix":5},"r":1,"bm":0,"nm":"Fill 1","mn":"ADBE Vector Graphic - Fill","hd":false},{"ty":"tr","p":{"a":0,"k":[747.848,410.994],"ix":2},"a":{"a":0,"k":[0,0],"ix":1},"s":{"a":0,"k":[100,100],"ix":3},"r":{"a":0,"k":0,"ix":6},"o":{"a":0,"k":100,"ix":7},"sk":{"a":0,"k":0,"ix":4},"sa":{"a":0,"k":0,"ix":5},"nm":"Transform"}],"nm":"Group 1","np":2,"cix":2,"bm":0,"ix":1,"mn":"ADBE Vector Group","hd":false}],"ip":0,"op":300.00001221925,"st":0,"ct":1,"bm":0},{"ddd":0,"ind":4,"ty":4,"nm":"Layer 2 Outlines","parent":2,"sr":1,"ks":{"o":{"a":0,"k":100,"ix":11},"r":{"a":1,"k":[{"i":{"x":[0.667],"y":[1]},"o":{"x":[0.333],"y":[0]},"t":0,"s":[0]},{"i":{"x":[0.667],"y":[1]},"o":{"x":[0.333],"y":[0]},"t":5,"s":[20]},{"i":{"x":[0.667],"y":[1]},"o":{"x":[0.333],"y":[0]},"t":10,"s":[0]},{"i":{"x":[0.667],"y":[1]},"o":{"x":[0.333],"y":[0]},"t":15,"s":[20]},{"i":{"x":[0.667],"y":[1]},"o":{"x":[0.333],"y":[0]},"t":20,"s":[0]},{"i":{"x":[0.667],"y":[1]},"o":{"x":[0.333],"y":[0]},"t":25,"s":[20]},{"i":{"x":[0.667],"y":[1]},"o":{"x":[0.333],"y":[0]},"t":30,"s":[0]},{"i":{"x":[0.667],"y":[1]},"o":{"x":[0.333],"y":[0]},"t":35,"s":[20]},{"i":{"x":[0.667],"y":[1]},"o":{"x":[0.333],"y":[0]},"t":40,"s":[0]},{"i":{"x":[0.667],"y":[1]},"o":{"x":[0.333],"y":[0]},"t":45,"s":[20]},{"i":{"x":[0.667],"y":[1]},"o":{"x":[0.333],"y":[0]},"t":50,"s":[0]},{"i":{"x":[0.667],"y":[1]},"o":{"x":[0.333],"y":[0]},"t":55,"s":[20]},{"i":{"x":[0.667],"y":[1]},"o":{"x":[0.333],"y":[0]},"t":60,"s":[0]},{"i":{"x":[0.667],"y":[1]},"o":{"x":[0.333],"y":[0]},"t":65,"s":[20]},{"i":{"x":[0.667],"y":[1]},"o":{"x":[0.333],"y":[0]},"t":70,"s":[0]},{"i":{"x":[0.667],"y":[1]},"o":{"x":[0.333],"y":[0]},"t":75,"s":[20]},{"t":80.0000032584668,"s":[0]}],"ix":10},"p":{"a":0,"k":[359.929,441.199,0],"ix":2,"l":2},"a":{"a":0,"k":[62.291,725.336,0],"ix":1,"l":2},"s":{"a":0,"k":[100,100,100],"ix":6,"l":2}},"ao":0,"shapes":[{"ty":"gr","it":[{"ind":0,"ty":"sh","ix":1,"ks":{"a":0,"k":{"i":[[-245.969,-551.804],[206.544,-106.931],[18.732,-87.373],[149.904,-48.037],[59.379,-109.801],[179.141,-82.761],[29.125,-24.959],[0,0],[0,0],[0,0],[-244.848,259.513],[-176.166,88.305],[20.84,-89.397]],"o":[[0,0],[0,0],[0,0],[0,0],[0,0],[0,0],[0,0],[0,0],[0,0],[0,0],[0,0],[0,0],[0,0]],"v":[[752.042,288.71],[340.433,176.825],[250.334,295.1],[-19.719,244.775],[-189.226,382.208],[-451.279,358.476],[-581.353,431.086],[-704.83,387.681],[-752.041,189.195],[-671.285,117.126],[-259.375,-187.529],[58.354,-431.086],[-38.652,-256.169]],"c":true},"ix":2},"nm":"Path 1","mn":"ADBE Vector Shape - Group","hd":false},{"ty":"fl","c":{"a":0,"k":[0,0,0,1],"ix":4},"o":{"a":0,"k":100,"ix":5},"r":1,"bm":0,"nm":"Fill 1","mn":"ADBE Vector Graphic - Fill","hd":false},{"ty":"tr","p":{"a":0,"k":[752.292,431.336],"ix":2},"a":{"a":0,"k":[0,0],"ix":1},"s":{"a":0,"k":[100,100],"ix":3},"r":{"a":0,"k":0,"ix":6},"o":{"a":0,"k":100,"ix":7},"sk":{"a":0,"k":0,"ix":4},"sa":{"a":0,"k":0,"ix":5},"nm":"Transform"}],"nm":"Group 1","np":2,"cix":2,"bm":0,"ix":1,"mn":"ADBE Vector Group","hd":false}],"ip":0,"op":300.00001221925,"st":0,"ct":1,"bm":0}]},{"id":"comp_3","nm":"bat","fr":29.9700012207031,"layers":[{"ddd":0,"ind":1,"ty":3,"nm":"Null 1","sr":1,"ks":{"o":{"a":0,"k":0,"ix":11},"r":{"a":0,"k":0,"ix":10},"p":{"a":1,"k":[{"i":{"x":0.667,"y":1},"o":{"x":0.333,"y":0},"t":0,"s":[3983.5,2000,0],"to":[-399,-77,0],"ti":[0,0,0]},{"i":{"x":0.667,"y":1},"o":{"x":0.333,"y":0},"t":40,"s":[1589.5,1538,0],"to":[0,0,0],"ti":[-399,-77,0]},{"t":80.0000032584668,"s":[3983.5,2000,0]}],"ix":2,"l":2},"a":{"a":0,"k":[0,0,0],"ix":1,"l":2},"s":{"a":0,"k":[55,55,100],"ix":6,"l":2}},"ao":0,"ip":0,"op":300.00001221925,"st":0,"bm":0},{"ddd":0,"ind":2,"ty":4,"nm":"Ñëîé 1 Outlines","parent":1,"sr":1,"ks":{"o":{"a":0,"k":100,"ix":11},"r":{"a":0,"k":0,"ix":10},"p":{"a":1,"k":[{"i":{"x":0.667,"y":1},"o":{"x":0.333,"y":0},"t":0,"s":[85.835,168.313,0],"to":[0,-9.5,0],"ti":[0,0,0]},{"i":{"x":0.667,"y":1},"o":{"x":0.333,"y":0},"t":5,"s":[85.835,111.313,0],"to":[0,0,0],"ti":[0,0,0]},{"i":{"x":0.667,"y":1},"o":{"x":0.333,"y":0},"t":10,"s":[85.835,168.313,0],"to":[0,0,0],"ti":[0,0,0]},{"i":{"x":0.667,"y":1},"o":{"x":0.333,"y":0},"t":15,"s":[85.835,111.313,0],"to":[0,0,0],"ti":[0,0,0]},{"i":{"x":0.667,"y":1},"o":{"x":0.333,"y":0},"t":20,"s":[85.835,168.313,0],"to":[0,0,0],"ti":[0,0,0]},{"i":{"x":0.667,"y":1},"o":{"x":0.333,"y":0},"t":25,"s":[85.835,111.313,0],"to":[0,0,0],"ti":[0,0,0]},{"i":{"x":0.667,"y":1},"o":{"x":0.333,"y":0},"t":30,"s":[85.835,168.313,0],"to":[0,0,0],"ti":[0,0,0]},{"i":{"x":0.667,"y":1},"o":{"x":0.333,"y":0},"t":35,"s":[85.835,111.313,0],"to":[0,0,0],"ti":[0,0,0]},{"i":{"x":0.667,"y":1},"o":{"x":0.333,"y":0},"t":40,"s":[85.835,168.313,0],"to":[0,0,0],"ti":[0,0,0]},{"i":{"x":0.667,"y":1},"o":{"x":0.333,"y":0},"t":45,"s":[85.835,111.313,0],"to":[0,0,0],"ti":[0,0,0]},{"i":{"x":0.667,"y":1},"o":{"x":0.333,"y":0},"t":50,"s":[85.835,168.313,0],"to":[0,0,0],"ti":[0,0,0]},{"i":{"x":0.667,"y":1},"o":{"x":0.333,"y":0},"t":55,"s":[85.835,111.313,0],"to":[0,0,0],"ti":[0,0,0]},{"i":{"x":0.667,"y":1},"o":{"x":0.333,"y":0},"t":60,"s":[85.835,168.313,0],"to":[0,0,0],"ti":[0,0,0]},{"i":{"x":0.667,"y":1},"o":{"x":0.333,"y":0},"t":65,"s":[85.835,111.313,0],"to":[0,0,0],"ti":[0,0,0]},{"i":{"x":0.667,"y":1},"o":{"x":0.333,"y":0},"t":70,"s":[85.835,168.313,0],"to":[0,0,0],"ti":[0,0,0]},{"i":{"x":0.667,"y":1},"o":{"x":0.333,"y":0},"t":75,"s":[85.835,111.313,0],"to":[0,0,0],"ti":[0,-9.5,0]},{"t":80.0000032584668,"s":[85.835,168.313,0]}],"ix":2,"l":2},"a":{"a":0,"k":[228.318,377.839,0],"ix":1,"l":2},"s":{"a":0,"k":[100,100,100],"ix":6,"l":2}},"ao":0,"shapes":[{"ty":"gr","it":[{"ind":0,"ty":"sh","ix":1,"ks":{"a":0,"k":{"i":[[7.78,142.701],[-98.793,40.583],[-32.389,-33.347],[-8.004,161.584],[98.201,103.76],[14.596,65.655],[6.371,137.225],[53.123,-82.272],[74.39,-51.321],[79.13,14.365],[-56.292,-37.451],[-16.008,-37.001],[-26.866,-219.037],[-36.176,-14.353]],"o":[[0,0],[0,0],[0,0],[0,0],[0,0],[0,0],[0,0],[0,0],[0,0],[0,0],[0,0],[0,0],[0,0],[0,0]],"v":[[-116.555,234.887],[139.371,233.27],[177.775,367.34],[222.661,213.771],[129.867,-117.052],[131.26,-201.157],[188.036,-377.589],[66.787,-281.086],[-68.945,-278.134],[-192.206,-365.447],[-128.626,-196.266],[-126.344,-115.816],[-201.202,204.151],[-151.51,375.833]],"c":true},"ix":2},"nm":"Path 1","mn":"ADBE Vector Shape - Group","hd":false},{"ty":"fl","c":{"a":0,"k":[0,0,0,1],"ix":4},"o":{"a":0,"k":100,"ix":5},"r":1,"bm":0,"nm":"Fill 1","mn":"ADBE Vector Graphic - Fill","hd":false},{"ty":"tr","p":{"a":0,"k":[228.317,377.839],"ix":2},"a":{"a":0,"k":[0,0],"ix":1},"s":{"a":0,"k":[100,100],"ix":3},"r":{"a":0,"k":0,"ix":6},"o":{"a":0,"k":100,"ix":7},"sk":{"a":0,"k":0,"ix":4},"sa":{"a":0,"k":0,"ix":5},"nm":"Transform"}],"nm":"Group 1","np":2,"cix":2,"bm":0,"ix":1,"mn":"ADBE Vector Group","hd":false}],"ip":0,"op":300.00001221925,"st":0,"ct":1,"bm":0},{"ddd":0,"ind":3,"ty":4,"nm":"Layer 3 Outlines","parent":2,"sr":1,"ks":{"o":{"a":0,"k":100,"ix":11},"r":{"a":1,"k":[{"i":{"x":[0.667],"y":[1]},"o":{"x":[0.333],"y":[0]},"t":0,"s":[0]},{"i":{"x":[0.667],"y":[1]},"o":{"x":[0.333],"y":[0]},"t":5,"s":[-20]},{"i":{"x":[0.667],"y":[1]},"o":{"x":[0.333],"y":[0]},"t":10,"s":[0]},{"i":{"x":[0.667],"y":[1]},"o":{"x":[0.333],"y":[0]},"t":15,"s":[-20]},{"i":{"x":[0.667],"y":[1]},"o":{"x":[0.333],"y":[0]},"t":20,"s":[0]},{"i":{"x":[0.667],"y":[1]},"o":{"x":[0.333],"y":[0]},"t":25,"s":[-20]},{"i":{"x":[0.667],"y":[1]},"o":{"x":[0.333],"y":[0]},"t":30,"s":[0]},{"i":{"x":[0.667],"y":[1]},"o":{"x":[0.333],"y":[0]},"t":35,"s":[-20]},{"i":{"x":[0.667],"y":[1]},"o":{"x":[0.333],"y":[0]},"t":40,"s":[0]},{"i":{"x":[0.667],"y":[1]},"o":{"x":[0.333],"y":[0]},"t":45,"s":[-20]},{"i":{"x":[0.667],"y":[1]},"o":{"x":[0.333],"y":[0]},"t":50,"s":[0]},{"i":{"x":[0.667],"y":[1]},"o":{"x":[0.333],"y":[0]},"t":55,"s":[-20]},{"i":{"x":[0.667],"y":[1]},"o":{"x":[0.333],"y":[0]},"t":60,"s":[0]},{"i":{"x":[0.667],"y":[1]},"o":{"x":[0.333],"y":[0]},"t":65,"s":[-20]},{"i":{"x":[0.667],"y":[1]},"o":{"x":[0.333],"y":[0]},"t":70,"s":[0]},{"i":{"x":[0.667],"y":[1]},"o":{"x":[0.333],"y":[0]},"t":75,"s":[-20]},{"t":80.0000032584668,"s":[0]}],"ix":10},"p":{"a":0,"k":[127.385,422.147,0],"ix":2,"l":2},"a":{"a":0,"k":[1435.848,662.993,0],"ix":1,"l":2},"s":{"a":0,"k":[100,100,100],"ix":6,"l":2}},"ao":0,"shapes":[{"ty":"gr","it":[{"ind":0,"ty":"sh","ix":1,"ks":{"a":0,"k":{"i":[[211.804,-565.798],[-212.691,-94.115],[-24.034,-86.066],[-152.559,-38.792],[-65.975,-105.969],[-183.862,-71.664],[-30.595,-23.134],[0,0],[0,0],[0,0],[260.242,244.073],[181.231,77.378],[-26.262,-87.957]],"o":[[0,0],[0,0],[0,0],[0,0],[0,0],[0,0],[0,0],[0,0],[0,0],[0,0],[0,0],[0,0],[0,0]],"v":[[-747.598,350.079],[-343.592,213.261],[-246.436,325.812],[20.039,259.086],[197.623,385.909],[457.737,346.213],[592.004,410.743],[712.598,359.878],[747.598,158.878],[662.59,91.875],[232.841,-187.05],[-99.172,-410.743],[8.337,-242.079]],"c":true},"ix":2},"nm":"Path 1","mn":"ADBE Vector Shape - Group","hd":false},{"ty":"fl","c":{"a":0,"k":[0,0,0,1],"ix":4},"o":{"a":0,"k":100,"ix":5},"r":1,"bm":0,"nm":"Fill 1","mn":"ADBE Vector Graphic - Fill","hd":false},{"ty":"tr","p":{"a":0,"k":[747.848,410.994],"ix":2},"a":{"a":0,"k":[0,0],"ix":1},"s":{"a":0,"k":[100,100],"ix":3},"r":{"a":0,"k":0,"ix":6},"o":{"a":0,"k":100,"ix":7},"sk":{"a":0,"k":0,"ix":4},"sa":{"a":0,"k":0,"ix":5},"nm":"Transform"}],"nm":"Group 1","np":2,"cix":2,"bm":0,"ix":1,"mn":"ADBE Vector Group","hd":false}],"ip":0,"op":300.00001221925,"st":0,"ct":1,"bm":0},{"ddd":0,"ind":4,"ty":4,"nm":"Layer 2 Outlines","parent":2,"sr":1,"ks":{"o":{"a":0,"k":100,"ix":11},"r":{"a":1,"k":[{"i":{"x":[0.667],"y":[1]},"o":{"x":[0.333],"y":[0]},"t":0,"s":[0]},{"i":{"x":[0.667],"y":[1]},"o":{"x":[0.333],"y":[0]},"t":5,"s":[20]},{"i":{"x":[0.667],"y":[1]},"o":{"x":[0.333],"y":[0]},"t":10,"s":[0]},{"i":{"x":[0.667],"y":[1]},"o":{"x":[0.333],"y":[0]},"t":15,"s":[20]},{"i":{"x":[0.667],"y":[1]},"o":{"x":[0.333],"y":[0]},"t":20,"s":[0]},{"i":{"x":[0.667],"y":[1]},"o":{"x":[0.333],"y":[0]},"t":25,"s":[20]},{"i":{"x":[0.667],"y":[1]},"o":{"x":[0.333],"y":[0]},"t":30,"s":[0]},{"i":{"x":[0.667],"y":[1]},"o":{"x":[0.333],"y":[0]},"t":35,"s":[20]},{"i":{"x":[0.667],"y":[1]},"o":{"x":[0.333],"y":[0]},"t":40,"s":[0]},{"i":{"x":[0.667],"y":[1]},"o":{"x":[0.333],"y":[0]},"t":45,"s":[20]},{"i":{"x":[0.667],"y":[1]},"o":{"x":[0.333],"y":[0]},"t":50,"s":[0]},{"i":{"x":[0.667],"y":[1]},"o":{"x":[0.333],"y":[0]},"t":55,"s":[20]},{"i":{"x":[0.667],"y":[1]},"o":{"x":[0.333],"y":[0]},"t":60,"s":[0]},{"i":{"x":[0.667],"y":[1]},"o":{"x":[0.333],"y":[0]},"t":65,"s":[20]},{"i":{"x":[0.667],"y":[1]},"o":{"x":[0.333],"y":[0]},"t":70,"s":[0]},{"i":{"x":[0.667],"y":[1]},"o":{"x":[0.333],"y":[0]},"t":75,"s":[20]},{"t":80.0000032584668,"s":[0]}],"ix":10},"p":{"a":0,"k":[359.929,441.199,0],"ix":2,"l":2},"a":{"a":0,"k":[62.291,725.336,0],"ix":1,"l":2},"s":{"a":0,"k":[100,100,100],"ix":6,"l":2}},"ao":0,"shapes":[{"ty":"gr","it":[{"ind":0,"ty":"sh","ix":1,"ks":{"a":0,"k":{"i":[[-245.969,-551.804],[206.544,-106.931],[18.732,-87.373],[149.904,-48.037],[59.379,-109.801],[179.141,-82.761],[29.125,-24.959],[0,0],[0,0],[0,0],[-244.848,259.513],[-176.166,88.305],[20.84,-89.397]],"o":[[0,0],[0,0],[0,0],[0,0],[0,0],[0,0],[0,0],[0,0],[0,0],[0,0],[0,0],[0,0],[0,0]],"v":[[752.042,288.71],[340.433,176.825],[250.334,295.1],[-19.719,244.775],[-189.226,382.208],[-451.279,358.476],[-581.353,431.086],[-704.83,387.681],[-752.041,189.195],[-671.285,117.126],[-259.375,-187.529],[58.354,-431.086],[-38.652,-256.169]],"c":true},"ix":2},"nm":"Path 1","mn":"ADBE Vector Shape - Group","hd":false},{"ty":"fl","c":{"a":0,"k":[0,0,0,1],"ix":4},"o":{"a":0,"k":100,"ix":5},"r":1,"bm":0,"nm":"Fill 1","mn":"ADBE Vector Graphic - Fill","hd":false},{"ty":"tr","p":{"a":0,"k":[752.292,431.336],"ix":2},"a":{"a":0,"k":[0,0],"ix":1},"s":{"a":0,"k":[100,100],"ix":3},"r":{"a":0,"k":0,"ix":6},"o":{"a":0,"k":100,"ix":7},"sk":{"a":0,"k":0,"ix":4},"sa":{"a":0,"k":0,"ix":5},"nm":"Transform"}],"nm":"Group 1","np":2,"cix":2,"bm":0,"ix":1,"mn":"ADBE Vector Group","hd":false}],"ip":0,"op":300.00001221925,"st":0,"ct":1,"bm":0}]}],"layers":[{"ddd":0,"ind":1,"ty":0,"nm":"pumpkin","refId":"comp_0","sr":1,"ks":{"o":{"a":0,"k":100,"ix":11},"r":{"a":0,"k":0,"ix":10},"p":{"a":0,"k":[831.955,756.481,0],"ix":2,"l":2},"a":{"a":0,"k":[844,540,0],"ix":1,"l":2},"s":{"a":0,"k":[79,79,100],"ix":6,"l":2}},"ao":0,"w":1688,"h":1080,"ip":0,"op":300.00001221925,"st":0,"bm":0},{"ddd":0,"ind":2,"ty":0,"nm":"Comp 2","refId":"comp_1","sr":1,"ks":{"o":{"a":0,"k":100,"ix":11},"r":{"a":0,"k":0,"ix":10},"p":{"a":0,"k":[1111.5,532,0],"ix":2,"l":2},"a":{"a":0,"k":[2932,2279,0],"ix":1,"l":2},"s":{"a":0,"k":[18,18,100],"ix":6,"l":2}},"ao":0,"w":5864,"h":4558,"ip":0,"op":300.00001221925,"st":0,"bm":0},{"ddd":0,"ind":3,"ty":0,"nm":"Comp 1","refId":"comp_2","sr":1,"ks":{"o":{"a":0,"k":100,"ix":11},"r":{"a":0,"k":0,"ix":10},"p":{"a":0,"k":[507.5,216,0],"ix":2,"l":2},"a":{"a":0,"k":[2947.5,2000,0],"ix":1,"l":2},"s":{"a":0,"k":[18,18,100],"ix":6,"l":2}},"ao":0,"w":5895,"h":4000,"ip":0,"op":300.00001221925,"st":0,"bm":0},{"ddd":0,"ind":4,"ty":0,"nm":"bat","refId":"comp_3","sr":1,"ks":{"o":{"a":0,"k":100,"ix":11},"r":{"a":0,"k":0,"ix":10},"p":{"a":0,"k":[824.838,271.361,0],"ix":2,"l":2},"a":{"a":0,"k":[2947.5,2000,0],"ix":1,"l":2},"s":{"a":0,"k":[23,23,100],"ix":6,"l":2}},"ao":0,"w":5895,"h":4000,"ip":0,"op":300.00001221925,"st":0,"bm":0}],"markers":[]}